player_id,player_name,birth_date,birth_year,birth_city,birth_country,position,height,weight,mlb_debut_year,mlb_last_year,mlb_team_id
434378,Justin Verlander,1983-02-20,1983,Manakin-Sabot,USA,P,"6' 5""",240,2005,2026,116
445276,Kenley Jansen,1987-09-30,1987,Willemstad,Curacao,P,"6' 5""",265,2010,2026,116
453286,Max Scherzer,1984-07-27,1984,St. Louis,USA,P,"6' 3""",208,2008,2026,141
455119,Chris Martin,1986-06-02,1986,Arlington,USA,P,"6' 8""",224,2014,2026,102
471911,Carlos Carrasco,1987-03-21,1987,Barquisimeto,Venezuela,P,"6' 4""",224,2009,2026,431
472610,Luis García,1987-01-30,1987,Santo Domingo,Dominican Republic,P,"6' 2""",240,2013,2026,1960
489446,Kirby Yates,1987-03-25,1987,Lihue,USA,P,"5' 10""",205,2014,2026,108
500743,Miguel Rojas,1989-02-24,1989,Los Teques,Venezuela,2B,"5' 10""",188,2014,2026,119
500779,Jose Quintana,1989-01-24,1989,Arjona,Colombia,P,"6' 2""",224,2012,2026,115
518585,Fernando Cruz,1990-03-28,1990,Bayamon,Puerto Rico,P,"6' 2""",237,2022,2026,147
518876,Merrill Kelly,1988-10-14,1988,Houston,USA,P,"6' 2""",210,2019,2026,109
518886,Craig Kimbrel,1988-05-28,1988,Huntsville,USA,P,"6' 0""",215,2010,2026,139
519141,Drew Pomeranz,1988-11-22,1988,Memphis,USA,P,"6' 5""",246,2011,2026,451
519242,Chris Sale,1989-03-30,1989,Lakeland,USA,P,"6' 6""",180,2010,2026,144
527048,Martín Pérez,1991-04-04,1991,Guanare,Venezuela,P,"6' 0""",210,2012,2026,144
542888,Shawn Armstrong,1990-09-11,1990,New Bern,USA,P,"6' 2""",225,2015,2026,114
543037,Gerrit Cole,1990-09-08,1990,Newport Beach,USA,P,"6' 4""",220,2013,2026,147
543056,Danny Coulombe,1989-10-26,1989,St. Louis,USA,P,"5' 10""",190,2014,2026,111
543135,Nathan Eovaldi,1990-02-13,1990,Houston,USA,P,"6' 2""",217,2011,2026,140
543243,Sonny Gray,1989-11-07,1989,Smyrna,USA,P,"5' 10""",190,2013,2026,111
543309,Kyle Higashioka,1990-04-20,1990,Huntington Beach,USA,C,"6' 1""",202,2017,2026,140
543510,James McCann,1990-06-13,1990,Santa Barbara,USA,C,"6' 2""",235,2014,2026,109
544150,Albert Suárez,1989-10-08,1989,San Felix,Venezuela,P,"6' 3""",235,2016,2026,110
545121,Ildemaro Vargas,1991-07-16,1991,Caripito,Venezuela,1B,"5' 11""",202,2017,2026,109
547179,Michael Lorenzen,1992-01-04,1992,Anaheim,USA,P,"6' 1""",210,2015,2026,115
547184,Michael Kelly,1992-09-06,1992,Boynton Beach,USA,P,"6' 4""",185,2022,2026,133
547973,Aroldis Chapman,1988-02-28,1988,Holguin,Cuba,P,"6' 4""",235,2010,2026,111
548384,Brooks Raley,1988-06-29,1988,San Antonio,USA,P,"6' 3""",200,2012,2026,121
552640,Andrew Kittredge,1990-03-17,1990,Spokane,USA,P,"6' 1""",235,2017,2026,110
554430,Zack Wheeler,1990-05-30,1990,Smyrna,USA,P,"6' 4""",195,2013,2026,143
571510,Matthew Boyd,1991-02-02,1991,Mercer Island,USA,P,"6' 3""",223,2015,2026,112
571578,Patrick Corbin,1989-07-19,1989,Clay,USA,P,"6' 4""",225,2012,2026,141
571927,Steven Matz,1991-05-29,1991,Stony Brook,USA,P,"6' 2""",205,2015,2026,139
571945,Miles Mikolas,1988-08-23,1988,Jupiter,USA,P,"6' 4""",230,2012,2026,120
571948,Hoby Milner,1991-01-13,1991,Dallas,USA,P,"6' 3""",187,2017,2026,451
572143,Burch Smith,1990-04-12,1990,San Antonio,USA,P,"6' 4""",225,2013,2026,512
572955,Pierce Johnson,1991-05-10,1991,Denver,USA,P,"6' 2""",202,2017,2026,113
573009,Joe Mantiply,1991-03-01,1991,Danville,USA,P,"6' 4""",219,2016,2026,141
573124,Taylor Rogers,1990-12-17,1990,Denver,USA,P,"6' 3""",190,2016,2026,142
573204,Caleb Thielbar,1987-01-31,1987,Northfield,USA,P,"6' 0""",205,2013,2026,112
579328,Yusei Kikuchi,1991-06-17,1991,Morioka,Japan,P,"6' 0""",210,2019,2026,108
592094,Jason Adam,1991-08-04,1991,Omaha,USA,P,"6' 3""",229,2018,2026,135
592155,Cam Booser,1992-05-04,1992,Seattle,USA,P,"6' 3""",230,2024,2026,139
592332,Kevin Gausman,1991-01-06,1991,Centennial,USA,P,"6' 2""",205,2013,2026,141
592454,Tommy Kahnle,1989-08-07,1989,Latham,USA,P,"6' 1""",230,2014,2026,533
592662,Robbie Ray,1991-10-01,1991,Brentwood,USA,P,"6' 2""",220,2014,2026,137
592773,Ryne Stanek,1991-07-26,1991,St. Louis,USA,P,"6' 4""",226,2017,2026,138
592779,Brock Stewart,1991-10-03,1991,Normal,USA,P,"6' 3""",220,2016,2026,119
592791,Jameson Taillon,1991-11-18,1991,Lakeland,USA,P,"6' 5""",230,2016,2026,112
592826,Vince Velasquez,1992-06-07,1992,Montclair,USA,P,"6' 3""",210,2015,2026,541
592836,Taijuan Walker,1992-08-13,1992,Shreveport,USA,P,"6' 4""",235,2013,2026,561
593958,Eduardo Rodriguez,1993-04-07,1993,Valencia,Venezuela,P,"6' 2""",231,2015,2026,109
593974,Wandy Peralta,1991-07-27,1991,San Francisco de Macoris,Dominican Republic,P,"6' 0""",227,2016,2026,135
594027,Tyron Guerrero,1991-01-09,1991,Bocachica,Colombia,P,"6' 8""",225,2016,2026,111
594580,Sam Moll,1992-01-03,1992,Lakeland,USA,P,"5' 9""",190,2017,2026,113
594798,Jacob deGrom,1988-06-19,1988,DeLand,USA,P,"6' 4""",180,2014,2026,140
594835,Marco Gonzales,1992-02-16,1992,Fort Collins,USA,P,"6' 1""",205,2014,2026,140
595014,Blake Treinen,1988-06-30,1988,Wichita,USA,P,"6' 5""",225,2014,2026,119
595345,Steven Okert,1991-07-09,1991,Riverside,USA,P,"6' 2""",202,2016,2026,117
595978,Austin Hedges,1992-08-18,1992,San Juan Capistrano,USA,C,"6' 0""",220,2015,2026,114
596001,Jakob Junis,1992-09-16,1992,Jacksonville,USA,P,"6' 3""",238,2017,2026,140
596117,Garrett Stubbs,1993-05-26,1993,San Diego,USA,C,"5' 9""",170,2019,2026,143
596133,Luke Weaver,1993-08-21,1993,DeLand,USA,P,"6' 2""",180,2016,2026,121
601713,Nick Pivetta,1993-02-14,1993,Victoria,Canada,P,"6' 5""",210,2017,2026,135
605130,Scott Barlow,1992-12-18,1992,New London,USA,P,"6' 3""",210,2018,2026,541
605135,Chris Bassitt,1989-02-22,1989,Toledo,USA,P,"6' 5""",220,2014,2026,568
605154,John Brebbia,1990-05-30,1990,Boston,USA,P,"6' 1""",219,2017,2026,342
605156,Aaron Brooks,1990-04-27,1990,Montclair,USA,P,"6' 4""",230,2014,2026,234
605218,Carl Edwards Jr.,1991-09-03,1991,Newberry,USA,P,"6' 3""",165,2015,2026,512
605280,Clay Holmes,1993-03-27,1993,Dothan,USA,P,"6' 5""",245,2018,2026,507
605288,Adrian Houser,1993-02-02,1993,Tahlequah,USA,P,"6' 4""",227,2015,2026,137
605335,Brandon Leibrandt,1992-12-13,1992,Alpharetta,USA,P,"6' 4""",190,2020,2026,416
605400,Aaron Nola,1993-06-04,1993,Baton Rouge,USA,P,"6' 2""",200,2015,2026,143
605441,Yacksel Ríos,1993-06-27,1993,Caguas,Puerto Rico,P,"6' 3""",215,2017,2026,451
605447,Jordan Romano,1993-04-21,1993,Markham,Canada,P,"6' 5""",210,2019,2026,115
605452,Joe Ross,1993-05-21,1993,Berkeley,USA,P,"6' 4""",243,2015,2026,102
605483,Blake Snell,1992-12-04,1992,Seattle,USA,P,"6' 4""",225,2016,2026,6482
605488,Jeffrey Springs,1992-09-20,1992,Belmont,USA,P,"6' 3""",218,2018,2026,133
605540,Brandon Woodruff,1993-02-10,1993,Tupelo,USA,P,"6' 4""",241,2017,2026,158
606115,Orlando Arcia,1994-08-04,1994,Anaco,Venezuela,SS,"5' 11""",187,2016,2026,1960
606303,Joel Payamps,1994-04-07,1994,Santiago,Dominican Republic,P,"6' 3""",214,2019,2026,431
606965,Chris Devenski,1990-11-13,1990,Cerritos,USA,P,"6' 3""",208,2016,2026,3390
606996,Kyle Hart,1992-11-23,1992,Cincinnati,USA,P,"6' 5""",200,2020,2026,135
607067,Colin Rea,1990-07-01,1990,Cascade,USA,P,"6' 5""",220,2015,2026,112
607074,Carlos Rodón,1992-12-10,1992,Miami,USA,P,"6' 2""",255,2015,2026,147
607192,Tyler Glasnow,1993-08-23,1993,Newhall,USA,P,"6' 8""",225,2016,2026,119
607200,Erick Fedde,1993-02-25,1993,Las Vegas,USA,P,"6' 4""",205,2017,2026,145
607259,Nick Martinez,1990-08-05,1990,Miami,USA,P,"6' 1""",200,2014,2026,139
607455,Anthony Banda,1993-08-10,1993,Corpus Christi,USA,P,"6' 2""",221,2017,2026,142
607481,Aaron Bummer,1993-09-21,1993,Valencia,USA,P,"6' 3""",215,2017,2026,541
607536,Kyle Freeland,1993-05-14,1993,Denver,USA,P,"6' 4""",202,2017,2026,115
607625,Seth Lugo,1989-11-17,1989,Shreveport,USA,P,"6' 4""",225,2016,2026,118
608032,Carlos Estévez,1992-12-28,1992,Santo Domingo,Dominican Republic,P,"6' 6""",277,2016,2026,118
608331,Max Fried,1994-01-18,1994,Santa Monica,USA,P,"6' 4""",190,2017,2026,147
608337,Lucas Giolito,1994-07-14,1994,Santa Monica,USA,P,"6' 6""",245,2016,2026,135
608348,Carson Kelly,1994-07-14,1994,Chicago,USA,C,"6' 1""",212,2016,2026,112
608371,Lucas Sims,1994-05-10,1994,Lawrenceville,USA,P,"6' 2""",213,2017,2026,494
608372,Tomoyuki Sugano,1989-10-11,1989,Kanagawa,Japan,P,"6' 1""",227,2025,2026,115
608379,Michael Wacha,1991-07-01,1991,Iowa City,USA,P,"6' 6""",215,2013,2026,118
608566,Germán Márquez,1995-02-22,1995,San Felix,Venezuela,P,"6' 1""",230,2016,2026,135
608650,Dietrich Enns,1991-05-16,1991,Frankfort,USA,P,"6' 1""",230,2017,2026,568
608718,Brent Suter,1989-08-29,1989,Chicago,USA,P,"6' 4""",213,2016,2026,108
608723,Austin Voth,1992-06-26,1992,Redmond,USA,P,"6' 2""",215,2018,2026,102
615698,Cal Quantrill,1995-02-10,1995,Port Hope,Canada,P,"6' 3""",195,2019,2026,140
620443,Luis Torrens,1996-05-02,1996,Valencia,Venezuela,C,"5' 11""",217,2017,2026,121
621016,Jose Cuas,1994-06-28,1994,Santo Domingo,Dominican Republic,P,"6' 3""",195,2022,2026,541
621053,Tyler Ferguson,1993-10-05,1993,Fresno,USA,P,"6' 4""",225,2024,2026,112
621074,Michael Rucker,1994-04-27,1994,Columbus,USA,P,"6' 1""",195,2021,2026,136
621097,Jacob Waguespack,1993-11-05,1993,Prairieville,USA,P,"6' 6""",228,2019,2026,116
621107,Zach Eflin,1994-04-08,1994,Orlando,USA,P,"6' 6""",230,2016,2026,110
621111,Walker Buehler,1994-07-28,1994,Lexington,USA,P,"6' 2""",185,2017,2026,135
621112,Paul Blackburn,1993-12-04,1993,Antioch,USA,P,"6' 1""",196,2017,2026,147
621121,Lance McCullers Jr.,1993-10-02,1993,Tampa,USA,P,"6' 1""",200,2015,2026,158
621139,Brooks Kriske,1994-02-03,1994,Scottsdale,USA,P,"6' 3""",205,2020,2026,133
621237,José Alvarado,1995-05-21,1995,Maracaibo,Venezuela,P,"6' 2""",245,2017,2026,143
621242,Edwin Díaz,1994-03-22,1994,Naguabo,Puerto Rico,P,"6' 3""",165,2016,2026,119
621345,A.J. Minter,1993-09-02,1993,Tyler,USA,P,"6' 0""",215,2017,2026,121
621366,Ryan Borucki,1994-03-31,1994,Mundelein,USA,P,"6' 4""",210,2018,2026,137
621381,Matt Strahm,1991-11-12,1991,West Fargo,USA,P,"6' 2""",190,2016,2026,118
621383,Tanner Banks,1991-10-24,1991,Riverton,USA,P,"6' 1""",205,2022,2026,143
621389,Ty Blach,1990-10-20,1990,Denver,USA,P,"6' 1""",215,2016,2026,451
622088,Tejay Antone,1993-12-05,1993,Oklahoma City,USA,P,"6' 4""",230,2020,2026,113
622491,Luis Castillo,1992-12-12,1992,Bani,Dominican Republic,P,"6' 2""",200,2017,2026,136
622554,Seranthony Domínguez,1994-11-25,1994,Esperanza Valverde Mao,Dominican Republic,P,"6' 1""",225,2018,2026,145
622608,Antonio Senzatela,1995-01-21,1995,Valencia,Venezuela,P,"6' 1""",235,2017,2026,115
622663,Luis Severino,1994-02-20,1994,Sabana de la Mar,Dominican Republic,P,"6' 2""",218,2015,2026,133
622694,Elieser Hernández,1995-05-03,1995,Ocumare del Tuy,Venezuela,P,"6' 1""",214,2018,2026,144
622761,Jorge Mateo,1995-06-23,1995,Santo Domingo Oeste,Dominican Republic,SS,"6' 0""",200,2020,2026,144
623149,Paul Sewald,1990-05-26,1990,Las Vegas,USA,P,"6' 3""",219,2017,2026,109
623168,Tyler Heineman,1991-06-19,1991,Pacific Palisades,USA,C,"5' 10""",190,2019,2026,108
623211,Huascar Brazobán,1989-10-15,1989,Villa Mella,Dominican Republic,P,"6' 3""",155,2022,2026,121
623352,Josh Hader,1994-04-07,1994,Millersville,USA,P,"6' 3""",188,2017,2026,117
623437,Justin Topa,1991-03-07,1991,Binghamton,USA,P,"6' 4""",200,2020,2026,541
623454,Drew Anderson,1994-03-22,1994,Reno,USA,P,"6' 3""",205,2017,2026,116
623465,Evan Phillips,1994-09-11,1994,Salisbury,USA,P,"6' 2""",215,2018,2026,119
623474,Jimmy Herget,1993-09-09,1993,Tampa,USA,P,"6' 3""",183,2019,2026,115
624133,Ranger Suarez,1995-08-26,1995,Pie de Cuesta,Venezuela,P,"6' 1""",217,2018,2026,111
624428,Adam Frazier,1991-12-14,1991,Athens,USA,2B,"5' 10""",190,2016,2026,526
624431,Jose Trevino,1992-11-28,1992,Corpus Christi,USA,C,"5' 9""",215,2018,2026,113
624512,Reese McGuire,1995-03-02,1995,Seattle,USA,C,"6' 0""",230,2018,2026,145
624522,Keegan Thompson,1995-03-13,1995,Cullman,USA,P,"6' 1""",197,2021,2026,342
625643,Reynaldo López,1994-01-04,1994,San Pedro de Macoris,Dominican Republic,P,"6' 1""",225,2016,2026,144
628452,Raisel Iglesias,1990-01-04,1990,Isla de la Juventud,Cuba,P,"6' 2""",190,2015,2026,144
628708,Yunior Marte,1995-02-02,1995,Santo Domingo,Dominican Republic,P,"6' 2""",180,2022,2026,484
640448,Kyle Finnegan,1991-09-04,1991,Detroit,USA,P,"6' 2""",198,2020,2026,116
640451,Hunter Harvey,1994-12-09,1994,Catawba,USA,P,"6' 3""",233,2019,2026,112
640454,Matt Krook,1994-10-21,1994,Hillsborough,USA,P,"6' 4""",225,2023,2026,534
640455,Sean Manaea,1992-02-01,1992,Valparaiso,USA,P,"6' 5""",245,2016,2026,121
641302,Tyler Alexander,1994-07-14,1994,Chicago,USA,P,"6' 1""",214,2019,2026,140
641312,Shaun Anderson,1994-10-29,1994,Coral Springs,USA,P,"6' 6""",228,2019,2026,561
641329,Bryan Baker,1994-12-02,1994,Fort Walton Beach,USA,P,"6' 6""",235,2021,2026,139
641401,Connor Brogdon,1995-01-29,1995,Clovis,USA,P,"6' 6""",205,2020,2026,5374
641585,J.P. France,1995-04-04,1995,New Orleans,USA,P,"6' 0""",198,2023,2026,5434
641656,Ian Hamilton,1995-06-16,1995,Dover,USA,P,"6' 1""",200,2018,2026,431
641743,Anthony Kay,1995-03-21,1995,Stony Brook,USA,P,"6' 0""",225,2019,2026,145
641745,Brad Keller,1995-07-27,1995,Snellville,USA,P,"6' 5""",255,2018,2026,143
641755,Tyler Kinley,1991-01-31,1991,Plantation,USA,P,"6' 4""",220,2018,2026,144
641778,Eric Lauer,1995-06-03,1995,Elyria,USA,P,"6' 3""",209,2018,2026,119
641793,Zack Littell,1995-10-05,1995,Burlington,USA,P,"6' 4""",250,2018,2026,120
641816,Tyler Mahle,1994-09-29,1994,Newport Beach,USA,P,"6' 3""",212,2017,2026,137
641835,Tim Mayza,1992-01-15,1992,Allentown,USA,P,"6' 3""",215,2017,2026,143
641927,Bailey Ober,1995-07-12,1995,Huntersville,USA,P,"6' 9""",260,2021,2026,142
641941,Emilio Pagán,1991-05-07,1991,Simpsonville,USA,P,"6' 2""",208,2017,2026,113
642048,Tayler Saucedo,1993-06-18,1993,Honolulu,USA,P,"6' 4""",205,2021,2026,561
642100,Gabe Speier,1995-04-12,1995,Santa Barbara,USA,P,"5' 11""",200,2019,2026,136
642121,Cole Sulser,1990-03-12,1990,Santa Ysabel,USA,P,"6' 0""",200,2019,2026,139
642152,Lou Trivino III,1991-10-01,1991,Green Lane,USA,P,"6' 5""",232,2018,2026,1410
642207,Devin Williams,1994-09-21,1994,St. Louis,USA,P,"6' 2""",193,2019,2026,121
642215,Weston Wilson,1994-09-11,1994,High Point,USA,3B,"6' 3""",215,2023,2026,136
642232,Ryan Yarbrough,1991-12-31,1991,Austin,USA,P,"6' 5""",205,2018,2026,147
642397,Gregory Soto,1995-02-11,1995,Haina,Dominican Republic,P,"6' 1""",247,2019,2026,134
642528,Jonathan Loáisiga,1994-11-02,1994,Managua,Nicaragua,P,"5' 11""",195,2018,2026,109
642546,Jonathan Hernández,1996-07-06,1996,Memphis,USA,P,"6' 3""",190,2019,2026,238
642547,Freddy Peralta,1996-06-04,1996,Moca,Dominican Republic,P,"6' 0""",198,2018,2026,121
642701,Dennis Santana,1996-04-12,1996,San Pedro de Macoris,Dominican Republic,P,"6' 2""",202,2018,2026,134
642759,Julian Fernández,1995-12-05,1995,Boca Chica,Dominican Republic,P,"6' 6""",230,2021,2026,120
643377,Griffin Jax,1994-11-22,1994,Phoenix,USA,P,"6' 2""",195,2021,2026,139
643410,Mark Leiter Jr.,1991-03-13,1991,Fort Lauderdale,USA,P,"6' 0""",210,2017,2026,133
643511,Tyler Rogers,1990-12-17,1990,Denver,USA,P,"6' 3""",180,2019,2026,141
644433,Chadwick Tromp,1995-03-21,1995,Oranjestad,Aruba,C,"5' 8""",221,2020,2026,110
645261,Sandy Alcantara,1995-09-07,1995,Azua,Dominican Republic,P,"6' 5""",200,2017,2026,146
646241,Enmanuel De Jesus,1996-12-10,1996,Valencia,Venezuela,P,"6' 3""",190,2023,2026,512
647315,Zach Pop,1996-09-20,1996,Brampton,Canada,P,"6' 4""",220,2021,2026,564
647336,Michael Soroka,1997-08-04,1997,Calgary,Canada,P,"6' 5""",250,2018,2026,109
650556,Bryan Abreu,1997-04-22,1997,Santo Domingo Centro,Dominican Republic,P,"6' 1""",230,2019,2026,117
650633,Michael King,1995-05-25,1995,Rochester,USA,P,"6' 3""",210,2019,2026,135
650644,Aaron Civale,1995-06-12,1995,East Windsor,USA,P,"6' 1""",245,2019,2026,112
650911,Cristopher Sánchez,1996-12-12,1996,La Romana,Dominican Republic,P,"6' 6""",200,2021,2026,143
650960,Daniel Duarte,1996-12-04,1996,Huatabampo,Mexico,P,"6' 0""",235,2022,2026,121
656212,Charlie Barnes,1995-10-01,1995,Sumter,USA,P,"6' 2""",190,2021,2026,119
656222,Jalen Beeks,1993-07-10,1993,Fayetteville,USA,P,"5' 11""",215,2018,2026,140
656234,Jake Bird,1995-12-04,1995,Newhall,USA,P,"6' 3""",215,2022,2026,531
656240,Scott Blewett,1996-04-10,1996,Syracuse,USA,P,"6' 6""",245,2020,2026,133
656271,Brock Burke,1996-08-04,1996,Chicago,USA,P,"6' 4""",210,2019,2026,113
656288,Griffin Canning,1996-05-11,1996,Mission Viejo,USA,P,"6' 2""",180,2019,2026,135
656302,Dylan Cease,1995-12-28,1995,Milton,USA,P,"6' 2""",200,2019,2026,141
656427,Jack Flaherty,1995-10-15,1995,Burbank,USA,P,"6' 4""",225,2017,2026,116
656457,Tyler Gilbert,1993-12-22,1993,Santa Cruz,USA,P,"6' 3""",225,2021,2026,494
656464,Kevin Ginkel,1994-03-24,1994,San Diego,USA,P,"6' 4""",235,2019,2026,109
656492,Foster Griffin,1995-07-27,1995,Orlando,USA,P,"6' 3""",225,2020,2026,120
656529,Sam Hentges,1996-07-18,1996,Shoreview,USA,P,"6' 8""",255,2021,2026,137
656546,Jeff Hoffman,1993-01-08,1993,Latham,USA,P,"6' 5""",235,2016,2026,141
656550,Grant Holmes,1996-03-22,1996,Conway,USA,P,"6' 0""",226,2024,2026,144
656577,Alex Jackson,1995-12-25,1995,San Diego,USA,C,"6' 1""",238,2019,2026,142
656605,Mitch Keller,1996-04-04,1996,Cedar Rapids,USA,P,"6' 3""",213,2019,2026,134
656638,Alex Lange,1995-10-02,1995,Riverside,USA,P,"6' 3""",202,2021,2026,118
656641,Jacob Latz,1996-04-08,1996,Lemont,USA,P,"6' 2""",185,2021,2026,140
656686,Corbin Martin,1995-12-28,1995,Hempstead,USA,P,"6' 2""",225,2019,2026,451
656716,Zach McKinstry,1995-04-29,1995,Toledo,USA,2B,"5' 11""",180,2020,2026,116
656730,Trevor Megill,1993-12-05,1993,Long Beach,USA,P,"6' 8""",253,2021,2026,158
656794,Sean Newcomb,1993-06-12,1993,Brockton,USA,P,"6' 5""",255,2017,2026,145
656848,Michael Petersen,1994-05-16,1994,Middlesex,United Kingdom,P,"6' 7""",195,2024,2026,146
656849,David Peterson,1995-09-03,1995,Denver,USA,P,"6' 6""",240,2020,2026,112
656876,Drew Rasmussen,1995-07-27,1995,Puyallup,USA,P,"6' 1""",240,2020,2026,139
656945,Tanner Scott,1994-07-22,1994,Warren,USA,P,"6' 0""",235,2017,2026,119
656986,Bennett Sousa,1995-04-06,1995,North Palm Beach,USA,P,"6' 3""",220,2022,2026,117
657044,Ryan Thompson,1992-06-26,1992,Turner,USA,P,"6' 5""",210,2020,2026,109
657097,Jacob Webb,1993-08-15,1993,Riverside,USA,P,"6' 2""",210,2019,2026,112
657265,Peter Strzelecki,1994-10-24,1994,Queens,USA,P,"6' 2""",210,2022,2026,138
657277,Logan Webb,1996-11-18,1996,Rocklin,USA,P,"6' 2""",221,2019,2026,137
657424,Matt Gage,1993-02-11,1993,Johnstown,USA,P,"6' 4""",261,2022,2026,137
657514,Brennan Bernardino,1992-01-15,1992,Valencia,USA,P,"6' 4""",216,2022,2026,115
657571,Caleb Ferguson,1996-07-02,1996,Columbus,USA,P,"6' 3""",225,2018,2026,113
657612,Tim Hill,1990-02-10,1990,Mission Hills,USA,P,"6' 4""",210,2018,2026,147
657649,Jared Koenig,1994-01-24,1994,Aptos,USA,P,"6' 5""",244,2022,2026,406
657746,Joe Ryan,1996-06-05,1996,San Francisco,USA,P,"6' 2""",205,2021,2026,142
657756,Connor Seabold,1996-01-24,1996,Laguna Hills,USA,P,"6' 2""",190,2021,2026,118
660271,Shohei Ohtani,1994-07-05,1994,Oshu,Japan,TWP,"6' 4""",210,2018,2026,119
660604,Alan Rangel,1997-08-21,1997,Hermosillo,Mexico,P,"6' 2""",170,2025,2026,1410
660710,Rodolfo Durán,1998-02-19,1998,Santo Domingo,Dominican Republic,C,"5' 8""",181,2026,2026,135
660761,José Suarez,1998-01-03,1998,Naguanagua,Venezuela,P,"5' 10""",225,2019,2026,133
660787,Yerry De los Santos,1997-12-12,1997,Samana,Dominican Republic,P,"6' 3""",230,2022,2026,531
660825,Eduard Bazardo,1995-09-01,1995,Maracay,Venezuela,P,"6' 0""",190,2021,2026,136
660853,Enyel De Los Santos,1995-12-25,1995,San Pedro de Macoris,Dominican Republic,P,"6' 3""",235,2018,2026,117
661395,Jhoan Duran,1998-01-08,1998,Esperanza,Dominican Republic,P,"6' 5""",230,2022,2026,143
661563,Luis Gil,1998-06-03,1998,Azua,Dominican Republic,P,"6' 3""",215,2021,2026,531
662144,Brian Keller,1994-06-21,1994,Germantown,USA,P,"6' 3""",210,2026,2026,143
662253,Andrés Muñoz,1999-01-16,1999,Los Mochis,Mexico,P,"6' 2""",222,2019,2026,136
663158,Robert Suarez,1991-03-01,1991,Bolivar,Venezuela,P,"6' 2""",210,2022,2026,144
663362,Matt Waldron,1996-09-26,1996,Omaha,USA,P,"6' 2""",185,2023,2026,135
663372,Ryan Feltner,1996-09-02,1996,Orlando,USA,P,"6' 4""",200,2021,2026,115
663423,Trent Thornton,1993-09-30,1993,Charlotte,USA,P,"6' 0""",190,2019,2026,112
663436,Davis Martin,1997-01-04,1997,Abilene,USA,P,"6' 2""",215,2022,2026,145
663460,Kris Bubic,1997-08-19,1997,Cupertino,USA,P,"6' 3""",220,2020,2026,118
663465,Kolby Allard,1997-08-13,1997,Anaheim,USA,P,"6' 1""",195,2018,2026,1410
663485,Cole Sands,1997-07-17,1997,Tallahassee,USA,P,"6' 3""",215,2022,2026,142
663494,Bryan Torres,1997-07-02,1997,Caguas,Puerto Rico,LF,"5' 7""",165,2026,2026,138
663542,Bryan Hudson,1997-05-08,1997,Godfrey,USA,P,"6' 8""",248,2023,2026,145
663554,Casey Mize,1997-05-01,1997,Springville,USA,P,"6' 3""",212,2020,2026,116
663556,Shane McClanahan,1997-04-28,1997,Baltimore,USA,P,"6' 3""",210,2020,2026,139
663558,Jovani Morán,1997-04-24,1997,Mayaguez,Puerto Rico,P,"6' 1""",167,2021,2026,111
663559,Bailey Falter,1997-04-24,1997,Chino Hills,USA,P,"6' 4""",205,2021,2026,541
663567,Peter Lambert,1997-04-18,1997,San Dimas,USA,P,"6' 2""",208,2019,2026,117
663568,Stephen Kolek,1997-04-18,1997,Houston,USA,P,"6' 3""",210,2024,2026,118
663574,Tony Santillan,1997-04-15,1997,Fort Worth,USA,P,"6' 3""",285,2021,2026,113
663623,Jake Irvin,1997-02-18,1997,Bloomington,USA,P,"6' 6""",234,2023,2026,547
663687,Hogan Harris,1996-12-26,1996,Lafayette,USA,P,"6' 3""",230,2023,2026,133
663738,Daniel Lynch IV,1996-11-17,1996,Richmond,USA,P,"6' 6""",200,2021,2026,118
663765,Jake Woodford,1996-10-28,1996,St. Petersburg,USA,P,"6' 4""",215,2020,2026,112
663767,Chase Shugart,1996-10-24,1996,Bridge City,USA,P,"5' 11""",200,2024,2026,143
663776,Patrick Sandoval,1996-10-18,1996,Mission Viejo,USA,P,"6' 3""",190,2019,2026,111
663855,Jordan Hicks,1996-09-06,1996,Houston,USA,P,"6' 2""",217,2018,2026,145
663878,Nate Pearson,1996-08-20,1996,Odessa,USA,P,"6' 6""",255,2020,2026,118
663893,Brendon Little,1996-08-11,1996,Bryn Mawr,USA,P,"6' 2""",195,2022,2026,141
663903,Brady Singer,1996-08-04,1996,Leesburg,USA,P,"6' 5""",215,2020,2026,113
663941,Tristan Beck,1996-06-24,1996,Corona,USA,P,"6' 4""",200,2023,2026,105
663947,Tyler Holton,1996-06-13,1996,Tallahassee,USA,P,"6' 2""",200,2022,2026,116
663967,César Salazar,1996-03-15,1996,Hermosillo,Mexico,C,"5' 8""",198,2023,2026,5434
663969,Tyler Phillips,1997-10-27,1997,Lumberton,USA,P,"6' 5""",225,2024,2026,146
663978,Chris Paddack,1996-01-08,1996,Austin,USA,P,"6' 5""",217,2019,2026,102
663992,Richard Lovelady,1995-07-07,1995,Hinesville,USA,P,"6' 0""",185,2019,2026,120
664059,Sam Haggerty,1994-05-26,1994,Phoenix,USA,LF,"5' 11""",175,2019,2026,416
664074,Cody Ponce,1994-04-25,1994,Pomona,USA,P,"6' 6""",255,2020,2026,141
664076,Garrett Cleavinger,1994-04-23,1994,Lawrence,USA,P,"6' 1""",225,2020,2026,139
664126,Pete Fairbanks,1993-12-16,1993,Milwaukee,USA,P,"6' 6""",235,2019,2026,146
664129,Geoff Hartlieb,1993-12-09,1993,Highland,USA,P,"6' 5""",240,2019,2026,400
664141,JT Brubaker,1993-11-17,1993,Springfield,USA,P,"6' 4""",197,2020,2026,137
664192,Joey Lucchesi,1993-06-06,1993,Newark,USA,P,"6' 5""",228,2018,2026,561
664199,Taylor Clarke,1993-05-13,1993,Ashburn,USA,P,"6' 3""",210,2019,2026,109
664208,Phil Maton,1993-03-25,1993,Paducah,USA,P,"6' 2""",206,2017,2026,112
664238,Dylan Moore,1992-08-02,1992,Yorba Linda,USA,CF,"6' 1""",205,2019,2026,1410
664285,Framber Valdez,1993-11-19,1993,Palenque,Dominican Republic,P,"5' 11""",230,2018,2026,116
664299,Cristian Javier,1997-03-26,1997,Santo Domingo,Dominican Republic,P,"6' 1""",210,2020,2026,117
664353,José Urquidy,1995-05-01,1995,Mazatlan,Mexico,P,"6' 0""",225,2019,2026,494
664702,Myles Straw,1994-10-17,1994,Garden Grove,USA,RF,"5' 9""",178,2018,2026,141
664731,P.J. Higgins,1993-05-10,1993,Bridgeport,USA,C,"5' 10""",195,2021,2026,416
664744,Jose Espada,1997-02-22,1997,Ponce,Puerto Rico,P,"6' 0""",185,2023,2026,568
664849,Danny Young,1994-05-27,1994,Boynton Beach,USA,P,"6' 3""",200,2022,2026,144
664854,Ryan Helsley,1994-07-18,1994,Tahlequah,USA,P,"6' 2""",235,2019,2026,110
664875,Justin Lawrence,1994-11-25,1994,Panama City,Panama,P,"6' 3""",211,2021,2026,534
664954,Brett Sullivan,1994-02-22,1994,Stockton,USA,C,"5' 11""",190,2023,2026,115
664991,Grant Wolfram,1996-12-12,1996,Holland,USA,P,"6' 7""",250,2025,2026,110
665152,Dean Kremer,1996-01-07,1996,Stockton,USA,P,"6' 2""",210,2020,2026,110
665622,Luis Medina,1999-05-03,1999,Nagua,Dominican Republic,P,"6' 1""",175,2023,2026,133
665645,Kervin Castro,1999-02-07,1999,Maracay,Venezuela,P,"5' 10""",234,2021,2026,531
665660,Elvis Alvarado,1999-02-23,1999,Sabaneta,Dominican Republic,P,"6' 6""",253,2025,2026,133
665665,Reiver Sanmartin,1996-04-15,1996,Cartagena,Colombia,P,"6' 1""",188,2021,2026,105
665795,Edward Cabrera,1998-04-13,1998,Santiago,Dominican Republic,P,"6' 5""",217,2021,2026,112
665871,Javier Assad,1997-07-30,1997,Tijuana,Mexico,P,"6' 1""",200,2022,2026,112
666126,Carlos Cortes,1997-06-30,1997,Orlando,USA,RF,"5' 7""",197,2025,2026,133
666129,Braxton Garrett,1997-08-05,1997,Foley,USA,P,"6' 2""",202,2020,2026,564
666142,Cole Ragans,1997-12-12,1997,Crawfordville,USA,P,"6' 4""",190,2022,2026,118
666157,Nick Lodolo,1998-02-05,1998,La Verne,USA,P,"6' 6""",216,2022,2026,113
666171,Ryan Zeferjahn,1998-02-28,1998,Topeka,USA,P,"6' 5""",209,2024,2026,108
666200,Jesús Luzardo,1997-09-30,1997,Lima,Peru,P,"6' 0""",218,2019,2026,143
666201,Alek Manoah,1998-01-09,1998,Homestead,USA,P,"6' 6""",285,2021,2026,561
666277,George Soriano,1999-03-24,1999,San Pedro de Macoris,Dominican Republic,P,"6' 2""",210,2023,2026,138
666374,Matt Brash,1998-05-12,1998,Kingston,Canada,P,"6' 1""",173,2022,2026,136
666619,Gregory Santos,1999-08-28,1999,San Cristobal,Dominican Republic,P,"6' 3""",236,2021,2026,105
666661,Juan Morillo,1999-03-19,1999,Maracaibo,Venezuela,P,"6' 1""",215,2025,2026,109
666711,Joel Peguero,1997-05-05,1997,Santo Domingo,Dominican Republic,P,"5' 10""",195,2025,2026,137
666745,Jhony Brito,1998-02-17,1998,Puerto Plata,Dominican Republic,P,"6' 2""",210,2023,2026,4904
666808,Camilo Doval,1997-07-04,1997,Yamasa,Dominican Republic,P,"6' 2""",205,2021,2026,147
666974,Yennier Cano,1994-03-09,1994,Havana,Cuba,P,"6' 4""",245,2022,2026,110
667297,Tommy Nance,1991-03-19,1991,Long Beach,USA,P,"6' 6""",235,2021,2026,142
667463,John King,1994-09-14,1994,Laredo,USA,P,"6' 2""",215,2020,2026,146
667755,José Soriano,1998-10-20,1998,Santo Domingo,Dominican Republic,P,"6' 3""",220,2023,2026,108
668390,Cole Winn,1999-11-25,1999,Longmont,USA,P,"6' 2""",190,2024,2026,140
668670,Jake Rogers,1995-04-18,1995,Canyon,USA,C,"5' 11""",201,2019,2026,116
668674,Lucas Erceg,1995-05-01,1995,San Jose,USA,P,"6' 2""",214,2023,2026,118
668678,Zac Gallen,1995-08-03,1995,Somerdale,USA,P,"6' 2""",189,2019,2026,109
668820,Max Kranick,1997-07-21,1997,Scranton,USA,P,"6' 3""",220,2021,2026,120
668831,Garrett Stallings,1997-08-08,1997,Chesapeake,USA,P,"6' 1""",218,2026,2026,556
668834,Easton McGee,1997-12-26,1997,Hopkinsville,USA,P,"6' 7""",222,2022,2026,118
668873,Caleb Kilian,1997-06-02,1997,Anaheim,USA,P,"6' 4""",206,2022,2026,137
668881,Hunter Greene,1999-08-06,1999,Los Angeles,USA,P,"6' 5""",242,2022,2026,113
668909,Gavin Williams,1999-07-26,1999,Fayetteville,USA,P,"6' 6""",250,2023,2026,114
668933,Graham Ashcraft,1998-02-11,1998,Huntsville,USA,P,"6' 2""",248,2022,2026,113
668941,JoJo Romero,1996-09-09,1996,Camarillo,USA,P,"5' 11""",215,2020,2026,138
668964,Tobias Myers,1998-08-05,1998,Winter Haven,USA,P,"6' 1""",223,2024,2026,552
668970,Gavin Hollowell,1997-11-04,1997,Somerset,USA,P,"6' 7""",215,2022,2026,112
668984,Casey Legumina,1997-06-19,1997,Dallas,USA,P,"6' 2""",195,2023,2026,139
669020,Ryan Rolison,1997-07-11,1997,Jackson,USA,P,"6' 2""",213,2025,2026,112
669022,MacKenzie Gore,1999-02-24,1999,Wilmington,USA,P,"6' 2""",193,2022,2026,140
669060,Bryse Wilson,1997-12-20,1997,Hillsborough,USA,P,"6' 2""",255,2018,2026,158
669062,Erik Miller,1998-02-13,1998,St. Louis,USA,P,"6' 5""",269,2024,2026,137
669084,DL Hall,1998-09-19,1998,Valdosta,USA,P,"6' 1""",209,2022,2026,572
669093,Jeremiah Estrada,1998-11-01,1998,Indio,USA,P,"6' 1""",185,2022,2026,135
669145,Bruce Zimmermann,1995-02-09,1995,Baltimore,USA,P,"6' 3""",236,2020,2026,235
669160,Dustin May,1997-09-06,1997,Justin,USA,P,"6' 6""",180,2019,2026,138
669165,Kyle Hurt,1998-05-30,1998,Rancho Santa Fe,USA,P,"6' 3""",240,2023,2026,238
669169,Jonathan Heasley,1997-01-27,1997,Charlotte,USA,P,"6' 3""",225,2021,2026,139
669194,Ryne Nelson,1998-02-01,1998,Henderson,USA,P,"6' 3""",210,2022,2026,109
669199,Lake Bachar,1995-06-03,1995,Winfield,USA,P,"6' 2""",219,2024,2026,146
669211,Keegan Akin,1995-04-01,1995,Alma,USA,P,"6' 0""",235,2020,2026,110
669212,Eli Morgan,1996-05-13,1996,Rancho Palos Verdes,USA,P,"5' 10""",190,2021,2026,541
669270,Joel Kuhnel,1995-02-19,1995,Goldsboro,USA,P,"6' 5""",290,2019,2026,158
669276,Dylan Lee,1994-08-01,1994,Dinuba,USA,P,"6' 3""",214,2021,2026,144
669298,TJ Shook,1998-05-29,1998,Columbia,USA,P,"6' 4""",217,2026,2026,342
669302,Logan Gilbert,1997-05-05,1997,Winter Park,USA,P,"6' 6""",215,2021,2026,136
669310,CJ Van Eyk,1998-09-15,1998,Tampa,USA,P,"6' 1""",198,2026,2026,422
669330,Tyler Wells,1994-08-26,1994,Tulsa,USA,P,"6' 8""",270,2021,2026,110
669358,Shane Baz,1999-06-17,1999,Houston,USA,P,"6' 3""",200,2021,2026,110
669371,Cole Henry,1999-07-15,1999,Florence,USA,P,"6' 4""",200,2025,2026,534
669372,J.T. Ginn,1999-05-20,1999,Flowood,USA,P,"6' 2""",200,2024,2026,133
669373,Tarik Skubal,1996-11-20,1996,Hayward,USA,P,"6' 3""",240,2020,2026,116
669387,Carmen Mlodzinski,1999-02-19,1999,Hilton Head Island,USA,P,"6' 2""",210,2023,2026,134
669432,Trevor Rogers,1997-11-13,1997,Carlsbad,USA,P,"6' 5""",230,2020,2026,110
669438,Mason Englert,1999-11-01,1999,Forney,USA,P,"6' 4""",205,2023,2026,234
669456,Shane Bieber,1995-05-31,1995,Orange,USA,P,"6' 3""",200,2018,2026,141
669461,Matthew Liberatore,1999-11-06,1999,Peoria,USA,P,"6' 4""",215,2022,2026,138
669467,Andre Pallante,1998-09-18,1998,Mission Viejo,USA,P,"6' 0""",215,2022,2026,138
669620,Brady Basso,1997-10-08,1997,Pearland,USA,P,"6' 2""",213,2024,2026,133
669622,Anthony Bender,1995-02-03,1995,Petaluma,USA,P,"6' 4""",205,2021,2026,146
669684,Chris Murphy,1998-06-05,1998,Mission Hills,USA,P,"6' 1""",186,2023,2026,145
669704,Kade Strowd,1997-09-17,1997,Fort Worth,USA,P,"6' 2""",200,2025,2026,2310
669711,Greg Weissert,1995-02-04,1995,Bay Shore,USA,P,"6' 2""",235,2022,2026,111
669724,Brenan Hanifee,1998-05-29,1998,Harrisonburg,USA,P,"6' 5""",215,2023,2026,116
669854,Ronel Blanco,1993-08-31,1993,Santiago,Dominican Republic,P,"6' 3""",265,2022,2026,117
669920,Jason Alexander,1993-03-01,1993,Windsor,USA,P,"6' 2""",227,2022,2026,1998
669923,George Kirby,1998-02-04,1998,Rye,USA,P,"6' 4""",215,2022,2026,136
669947,Jesse Scholtens,1994-04-06,1994,Fairfield,USA,P,"6' 4""",240,2023,2026,234
670036,Matt Festa,1993-03-11,1993,Brooklyn,USA,P,"6' 1""",195,2018,2026,114
670059,Colin Holderman,1995-10-08,1995,Bourbonnais,USA,P,"6' 6""",230,2022,2026,114
670062,Julian Garcia,1995-05-13,1995,Fort Collins,USA,P,"6' 3""",206,2026,2026,113
670090,Wyatt Mills,1995-01-25,1995,Spokane,USA,P,"6' 4""",220,2021,2026,238
670097,Zack Short,1995-05-29,1995,Kingston,USA,SS,"5' 10""",180,2021,2026,552
670167,John Schreiber,1994-03-05,1994,Wyandotte,USA,P,"6' 2""",224,2019,2026,118
670183,Garrett Acton,1998-06-15,1998,Naperville,USA,P,"6' 2""",215,2023,2026,1960
670245,Ryan Watson,1997-11-15,1997,Auburn,USA,P,"6' 5""",225,2026,2026,111
670280,David Bednar,1994-10-10,1994,Pittsburgh,USA,P,"6' 1""",250,2019,2026,147
670329,Rico Garcia,1994-01-10,1994,Honolulu,USA,P,"5' 9""",215,2019,2026,110
670871,Guillo Zuñiga,1998-10-10,1998,Cartagena,Colombia,P,"6' 5""",230,2023,2026,552
670912,Johan Oviedo,1998-03-02,1998,Havana,Cuba,P,"6' 6""",275,2020,2026,111
670950,Trevor Richards,1993-05-15,1993,Aviston,USA,P,"6' 2""",205,2018,2026,145
670970,Adrian Morejon,1999-02-27,1999,Havana,Cuba,P,"5' 11""",224,2019,2026,135
670990,Yohan Ramírez,1995-05-06,1995,Villa Mella,Dominican Republic,P,"6' 3""",205,2020,2026,134
671083,Buddy Kennedy,1998-10-05,1998,Millville,USA,1B,"5' 10""",213,2022,2026,136
671096,Andrew Abbott,1999-06-01,1999,Lynchburg,USA,P,"6' 0""",192,2023,2026,113
671106,Logan Allen,1998-09-05,1998,Altamonte Springs,USA,P,"6' 0""",190,2023,2026,445
671109,Jake Eder,1998-10-09,1998,Boynton Beach,USA,P,"6' 4""",225,2024,2026,119
671111,Sammy Peralta,1998-05-10,1998,Queens,USA,P,"6' 1""",214,2023,2026,561
671131,Jackson Rutledge,1999-04-01,1999,Fenton,USA,P,"6' 8""",241,2023,2026,1410
671162,Connor Thomas,1998-05-29,1998,Tifton,USA,P,"6' 0""",200,2025,2026,431
671212,Joe Boyle,1999-08-14,1999,Philadelphia,USA,P,"6' 8""",250,2023,2026,234
671345,Jason Foley,1995-11-01,1995,Manhasset,USA,P,"6' 4""",215,2021,2026,137
671382,Cameron Foster,1999-03-17,1999,Houston,USA,P,"6' 5""",240,2026,2026,493
671737,Taj Bradley,2001-03-20,2001,Los Angeles,USA,P,"6' 2""",220,2023,2026,142
671922,Cade Smith,1999-05-09,1999,Vancouver,Canada,P,"6' 5""",230,2024,2026,114
671936,Adam Macko,2000-12-30,2000,Bratislava,Slovakia,P,"6' 0""",170,2026,2026,141
672021,Eric Cerantola,2000-05-02,2000,Montreal,Canada,P,"6' 5""",225,2026,2026,105
672282,Reid Detmers,1999-07-08,1999,Nokomis,USA,P,"6' 2""",210,2021,2026,108
672335,Cionel Pérez,1996-04-21,1996,Matanzas,Cuba,P,"6' 0""",175,2018,2026,121
672442,Yovanny Cruz,1999-08-23,1999,San Francisco de Macoris,Dominican Republic,P,"6' 0""",180,2026,2026,531
672456,Keider Montero,2000-07-06,2000,Santa Teresa del Tuy,Venezuela,P,"6' 1""",145,2024,2026,116
672582,Angel Zerpa,1999-09-27,1999,Valle de la Pascua,Venezuela,P,"6' 0""",237,2021,2026,158
672629,Gerardo Carrillo,1998-09-13,1998,Guadalajara,Mexico,P,"6' 1""",185,2026,2026,109
672782,Yoendrys Gómez,1999-10-15,1999,Nirgua,Venezuela,P,"6' 3""",212,2023,2026,142
673513,Yuki Matsui,1995-10-30,1995,Yokohama,Japan,P,"5' 8""",165,2024,2026,135
673540,Kodai Senga,1993-01-30,1993,Gamagori,Japan,P,"6' 1""",202,2023,2026,121
673929,Jordan Leasure,1998-08-15,1998,Riverview,USA,P,"6' 3""",220,2024,2026,145
674370,Osvaldo Bido,1995-10-18,1995,Los Hidalgos,Dominican Republic,P,"6' 3""",175,2023,2026,494
674444,Steven Cruz,1999-06-15,1999,Tenares,Dominican Republic,P,"6' 7""",225,2023,2026,118
674841,Andrew Alvarez,1999-06-13,1999,Anaheim,USA,P,"6' 3""",215,2025,2026,534
675512,Troy Melton,2000-12-03,2000,Newport Beach,USA,P,"6' 4""",210,2025,2026,116
675540,Xzavion Curry,1998-07-27,1998,Orangeburg,USA,P,"6' 0""",195,2022,2026,552
675627,Michael Grove,1996-12-18,1996,Wheeling,USA,P,"6' 3""",200,2022,2026,234
675660,Shane Drohan,1999-01-07,1999,Fort Lauderdale,USA,P,"6' 2""",202,2026,2026,158
675848,Juan Mejia,2000-07-04,2000,Santo Domingo,Dominican Republic,P,"6' 3""",210,2025,2026,115
675911,Spencer Strider,1998-10-28,1998,Columbus,USA,P,"6' 0""",195,2021,2026,144
675916,James Karinchak,1995-09-22,1995,Newburgh,USA,P,"6' 3""",215,2019,2026,431
675919,Nick Raquet,1995-12-12,1995,Boalsberg,USA,P,"6' 0""",215,2025,2026,568
675989,Cody Bolton,1998-06-19,1998,Richmond,USA,P,"6' 2""",210,2023,2026,5434
676051,Codi Heuer,1996-07-03,1996,Missoula,USA,P,"6' 5""",200,2020,2026,445
676083,Janson Junk,1996-01-15,1996,Federal Way,USA,P,"6' 2""",197,2021,2026,146
676105,Jeff Criswell,1999-03-10,1999,Portage,USA,P,"6' 4""",236,2024,2026,115
676106,Emerson Hancock,1999-05-31,1999,Cairo,USA,P,"6' 4""",213,2023,2026,136
676130,José Buttó,1998-03-19,1998,Cumana,Venezuela,P,"6' 0""",208,2022,2026,137
676254,Ryan Walker,1995-11-26,1995,Arlington,USA,P,"6' 2""",215,2023,2026,105
676263,Jack Dreyer,1999-02-27,1999,Salt Lake City,USA,P,"6' 2""",205,2025,2026,119
676282,Joey Cantillo,1999-12-18,1999,Honolulu,USA,P,"6' 4""",225,2024,2026,114
676395,Robert Garcia,1996-06-14,1996,Manteca,USA,P,"6' 4""",236,2023,2026,140
676428,Brant Hurter,1998-09-06,1998,Canton,USA,P,"6' 6""",250,2024,2026,116
676440,Tanner Bibee,1999-03-05,1999,Mission Viejo,USA,P,"6' 2""",205,2023,2026,114
676467,Colton Gordon,1998-12-20,1998,St. Petersburg,USA,P,"6' 4""",225,2025,2026,556
676477,Garrett Whitlock,1996-06-11,1996,Snellville,USA,P,"6' 5""",222,2021,2026,111
676508,Ben Casparius,1999-02-11,1999,Westport,USA,P,"6' 2""",215,2024,2026,238
676510,Nolan Hoffman,1997-08-09,1997,Lincoln,USA,P,"6' 4""",190,2025,2026,1410
676534,Calvin Faucher,1995-09-22,1995,Chula Vista,USA,P,"6' 1""",190,2022,2026,146
676568,Ricky Vanasco,1998-10-13,1998,Morriston,USA,P,"6' 3""",180,2024,2026,512
676571,PJ Poulin,1996-07-25,1996,Marion,USA,P,"6' 1""",195,2025,2026,120
676596,Josh Fleming,1996-05-18,1996,Bridgeton,USA,P,"6' 2""",220,2020,2026,451
676604,Tyler Zuber,1995-06-16,1995,White Hall,USA,P,"5' 11""",195,2020,2026,146
676617,Riley O'Brien,1995-02-06,1995,Seattle,USA,P,"6' 4""",180,2021,2026,138
676661,Max Lazar,1999-06-03,1999,Coral Springs,USA,P,"6' 1""",200,2024,2026,1410
676664,JP Sears,1996-02-19,1996,Sumter,USA,P,"5' 11""",180,2022,2026,135
676680,Tom Cosgrove,1996-06-14,1996,Staten Island,USA,P,"6' 2""",190,2023,2026,120
676684,Will Vest,1995-06-06,1995,Houston,USA,P,"6' 0""",180,2021,2026,116
676694,Jake Meyers,1996-06-18,1996,Omaha,USA,CF,"6' 0""",200,2021,2026,5434
676702,Hunter Stratton,1996-11-17,1996,Bristol,USA,P,"6' 4""",225,2023,2026,484
676742,Cam Sanders,1996-12-09,1996,Thibodaux,USA,P,"6' 2""",215,2025,2026,568
676755,Isaac Mattson,1995-07-14,1995,Erie,USA,P,"6' 2""",214,2021,2026,484
676760,Ron Marinaccio,1995-07-01,1995,Toms River,USA,P,"6' 2""",205,2022,2026,134
676775,Keaton Winn,1998-02-20,1998,Ollie,USA,P,"6' 4""",230,2023,2026,137
676879,Aaron Ashby,1998-05-24,1998,Kansas City,USA,P,"6' 0""",194,2021,2026,158
676910,Matt Seelinger,1995-04-19,1995,Westbury,USA,P,"6' 3""",190,2026,2026,552
676917,Cade Cavalli,1998-08-14,1998,Tulsa,USA,P,"6' 4""",223,2022,2026,120
676962,Ben Brown,1999-09-09,1999,East Setauket,USA,P,"6' 6""",210,2024,2026,112
676974,Max Meyer,1999-03-12,1999,Woodbury,USA,P,"6' 0""",196,2022,2026,146
676979,Garrett Crochet,1999-06-21,1999,Ocean Springs,USA,P,"6' 6""",245,2020,2026,111
677020,Josh Walker,1994-12-01,1994,Otisville,USA,P,"6' 6""",225,2023,2026,110
677053,Andrew Nardi,1998-08-18,1998,West Hills,USA,P,"6' 3""",215,2022,2026,146
677161,Zack Kelly,1995-03-03,1995,Roanoke,USA,P,"6' 3""",231,2022,2026,111
677865,Justin Bruihl,1997-06-26,1997,Petaluma,USA,P,"6' 2""",215,2021,2026,138
677944,Slade Cecconi,1999-06-24,1999,Oviedo,USA,P,"6' 4""",219,2023,2026,114
677952,Braxton Ashcraft,1999-10-05,1999,Waco,USA,P,"6' 5""",218,2025,2026,134
677955,Jaden Hill,1999-12-22,1999,Ashdown,USA,P,"6' 4""",260,2024,2026,115
677958,Kumar Rocker,1999-11-22,1999,Watkinsville,USA,P,"6' 5""",245,2024,2026,140
677960,Ryan Weathers,1999-12-17,1999,Loretto,USA,P,"6' 1""",230,2020,2026,147
677961,Cole Wilcox,1999-07-14,1999,Chattanooga,USA,P,"6' 5""",232,2025,2026,136
677976,Randy Dobnak,1995-01-17,1995,South Park,USA,P,"6' 1""",230,2019,2026,118
678020,Seth Halvorsen,2000-02-18,2000,Chicago,USA,P,"6' 2""",243,2024,2026,238
678022,Jack Perkins,1999-12-26,1999,Kokomo,USA,P,"6' 1""",220,2025,2026,133
678368,Valente Bellozo,2000-01-04,2000,Mexicali,Mexico,P,"5' 10""",221,2024,2026,342
678391,Jorbit Vivas,2001-03-09,2001,Puerto Cabello,Venezuela,3B,"5' 9""",171,2025,2026,120
678394,Brayan Bello,1999-05-17,1999,Samana,Dominican Republic,P,"6' 1""",195,2022,2026,111
678576,Wilkin Ramos,2000-10-31,2000,Santo Domingo,Dominican Republic,P,"6' 6""",192,2026,2026,105
678606,José A. Ferrer,2000-03-03,2000,Maimon,Dominican Republic,P,"6' 1""",233,2023,2026,136
678868,Eddy Yean,2001-06-25,2001,Sabana Grande de Boya,Dominican Republic,P,"6' 3""",265,2026,2026,120
678906,Kai-Wei Teng,1998-12-01,1998,Taichung,Taiwan,P,"6' 4""",241,2024,2026,5434
679358,Eric Orze,1997-08-21,1997,Elk Grove,USA,P,"6' 4""",205,2024,2026,1960
679775,Kyle Backhus,1998-01-31,1998,New Waverly,USA,P,"6' 4""",185,2025,2026,143
679883,Luinder Avila,2001-08-21,2001,Caracas,Venezuela,P,"6' 3""",195,2025,2026,118
680474,Max Schuemann,1997-06-11,1997,Kalamazoo,USA,SS,"6' 0""",198,2024,2026,147
680570,Grayson Rodriguez,1999-11-16,1999,Houston,USA,P,"6' 5""",230,2023,2026,108
680573,Simeon Woods Richardson,2000-09-27,2000,Sugar Land,USA,P,"6' 3""",210,2022,2026,422
680604,Blas Castaño,1998-09-08,1998,Espaillat,Dominican Republic,P,"5' 10""",162,2025,2026,115
680689,Lyon Richardson,2000-01-18,2000,Jensen Beach,USA,P,"6' 2""",207,2023,2026,556
680694,Kyle Bradish,1996-09-12,1996,Peoria,USA,P,"6' 3""",215,2022,2026,110
680702,Joey Gerber,1997-05-03,1997,Maple Grove,USA,P,"6' 4""",212,2020,2026,552
680704,Nick Sandlin,1997-01-10,1997,Evans,USA,P,"5' 11""",175,2021,2026,512
680723,Drew Rom,1999-12-15,1999,Cincinnati,USA,P,"6' 1""",225,2023,2026,556
680728,Adrian Del Castillo,1999-09-27,1999,Miami,USA,DH,"5' 9""",205,2024,2026,109
680730,Mitchell Parker,1999-09-27,1999,Albuquerque,USA,P,"6' 4""",239,2024,2026,120
680732,Sean Burke,1999-12-18,1999,Sutton,USA,P,"6' 6""",240,2024,2026,145
680736,Justin Wrobleski,2000-07-14,2000,Hoffman Estates,USA,P,"6' 1""",194,2024,2026,119
680742,Jonathan Bowlan,1996-12-01,1996,Arlington,USA,P,"6' 6""",240,2023,2026,143
680744,Ty Madden,2000-02-21,2000,Houston,USA,P,"6' 3""",215,2024,2026,116
680755,Braydon Fisher,2000-07-26,2000,League City,USA,P,"6' 4""",180,2025,2026,141
680767,Victor Vodnik,1999-10-09,1999,Whittier,USA,P,"6' 0""",216,2023,2026,115
680802,Ryan Weiss,1996-12-10,1996,South Elgin,USA,P,"6' 4""",210,2026,2026,5434
680916,Franco Aleman,2000-06-26,2000,Yaguajay,Cuba,P,"6' 6""",235,2026,2026,114
680951,Doug Nikhazy,1999-08-11,1999,Burlington,USA,P,"6' 0""",210,2025,2026,407
681006,Josh Simpson,1997-08-19,1997,Stafford,USA,P,"6' 2""",190,2025,2026,529
681035,Christian Scott,1999-06-15,1999,Coconut Creek,USA,P,"6' 4""",215,2024,2026,121
681084,Tanner Andrews,1995-11-15,1995,Rochester,USA,P,"6' 3""",220,2026,2026,422
681151,Jayden Murray,1997-04-11,1997,Vernal,USA,P,"6' 1""",190,2025,2026,451
681168,Luis Curvelo,2000-10-21,2000,Higuerote,Venezuela,P,"6' 1""",170,2025,2026,102
681190,Randy Vásquez,1998-11-03,1998,Navarette,Dominican Republic,P,"6' 0""",165,2023,2026,135
681217,Chase Silseth,2000-05-18,2000,Farmington,USA,P,"6' 0""",217,2022,2026,140
681252,Jack Anderson,1999-11-23,1999,Tampa,USA,P,"6' 3""",197,2026,2026,142
681293,Spencer Arrighetti,2000-01-02,2000,Albuquerque,USA,P,"6' 2""",186,2024,2026,117
681343,Shane Smith,2000-04-04,2000,Danvers,USA,P,"6' 3""",240,2025,2026,494
681347,Mike Burrows,1999-11-08,1999,Waterford,USA,P,"6' 1""",200,2024,2026,117
681402,Gus Varland,1996-11-06,1996,Maplewood,USA,P,"6' 1""",225,2023,2026,534
681432,Luke Little,2000-08-30,2000,Charlotte,USA,P,"6' 8""",220,2023,2026,553
681517,Kyle Leahy,1997-06-04,1997,Boulder,USA,P,"6' 5""",225,2023,2026,138
681676,Ryan Fernandez,1998-06-11,1998,Tampa,USA,P,"6' 0""",200,2024,2026,235
681751,Lazaro Estrada,1999-04-24,1999,Ciudad Habana,Cuba,P,"5' 10""",180,2025,2026,422
681799,Ethan Roberts,1997-07-04,1997,Sparta,USA,P,"5' 10""",180,2022,2026,451
681806,Andrew Wantz,1995-10-13,1995,Erie,USA,P,"6' 4""",235,2021,2026,112
681810,Austin Warren,1996-02-05,1996,Fayetteville,USA,P,"6' 0""",170,2021,2026,507
681867,Cooper Criswell,1996-07-24,1996,Carrollton,USA,P,"6' 6""",200,2021,2026,136
681870,Erik Sabrowski,1997-10-31,1997,Edmonton,Canada,P,"6' 4""",230,2024,2026,114
681892,Kody Funderburk,1996-11-27,1996,Mesa,USA,P,"6' 4""",230,2023,2026,142
681895,Evan Sisk,1997-04-23,1997,Chester,USA,P,"6' 2""",214,2025,2026,134
681911,Alex Vesia,1996-04-11,1996,Alpine,USA,P,"6' 1""",209,2020,2026,119
681916,Dylan Smith,2000-05-28,2000,Huntsville,USA,P,"6' 2""",180,2025,2026,137
681982,Grant Anderson,1997-06-21,1997,Port Arthur,USA,P,"6' 0""",213,2023,2026,158
682052,Jacob Lopez,1998-03-11,1998,Granada Hills,USA,P,"6' 4""",220,2023,2026,133
682120,Tim Herrin,1996-10-08,1996,Terre Haute,USA,P,"6' 6""",230,2023,2026,114
682227,Brandon Williamson,1998-04-02,1998,Fairmont,USA,P,"6' 6""",210,2023,2026,113
682243,Bryce Miller,1998-08-23,1998,Mount Pleasant,USA,P,"6' 2""",200,2023,2026,136
682254,Mason Montgomery,2000-06-17,2000,Austin,USA,P,"6' 2""",205,2024,2026,134
682274,Yaramil Hiraldo,1995-12-31,1995,Santiago,Dominican Republic,P,"6' 1""",220,2025,2026,568
682445,Domingo Gonzalez,1999-09-27,1999,San Francisco de Macoris,Dominican Republic,P,"6' 0""",185,2026,2026,529
682608,Peyton Gray,1995-06-02,1995,Columbus,USA,P,"6' 4""",235,2026,2026,140
682610,Roddery Muñoz,2000-04-14,2000,Santo Domingo,Dominican Republic,P,"6' 2""",210,2024,2026,5434
682668,Luisangel Acuña,2002-03-12,2002,Caracas,Venezuela,SS,"5' 7""",181,2024,2026,145
682769,Eiberson Castellano,2001-05-09,2001,Maracaibo,Venezuela,P,"6' 3""",214,2026,2026,342
682825,Luis Mey,2001-06-24,2001,San Pedro de Macoris,Dominican Republic,P,"6' 5""",235,2025,2026,416
682842,Abner Uribe,2000-06-20,2000,Santo Domingo,Dominican Republic,P,"6' 3""",205,2023,2026,158
682982,Daniel Espino,2001-01-05,2001,Panama City,Panama,P,"6' 0""",225,2026,2026,445
682989,Victor Mederos,2001-06-08,2001,Santa Clara,Cuba,P,"6' 2""",222,2023,2026,144
682995,Hunter Barco,2000-12-15,2000,Jacksonville,USA,P,"6' 4""",229,2025,2026,134
682997,Tyler Callihan,2000-06-22,2000,Jacksonville,USA,LF,"5' 11""",205,2025,2026,484
683000,Riley Cornelio,2000-06-06,2000,Honolulu,USA,P,"6' 3""",195,2026,2026,120
683003,Jared Jones,2001-08-06,2001,Whittier,USA,P,"6' 0""",211,2024,2026,134
683004,Jack Leiter,2000-04-21,2000,Plantation,USA,P,"6' 1""",205,2024,2026,140
683155,Joey Estes,2001-10-08,2001,Palmdale,USA,P,"6' 2""",190,2023,2026,400
683175,Connor Phillips,2001-05-04,2001,Houston,USA,P,"6' 2""",209,2023,2026,416
683232,Nick Mears,1996-10-07,1996,Sacramento,USA,P,"6' 3""",217,2020,2026,118
683352,Mitch Bratt,2003-07-03,2003,Newmarket,Canada,P,"6' 1""",215,2026,2026,109
683409,Angel Chivilli,2002-07-28,2002,La Victoria,Dominican Republic,P,"6' 2""",185,2024,2026,147
683618,Edgardo Henriquez,2002-06-24,2002,Cumana,Venezuela,P,"6' 4""",200,2024,2026,119
683627,Anthony Molina,2002-01-12,2002,San Joaquin,Venezuela,P,"6' 1""",170,2024,2026,431
683742,Jose Franco,2000-11-25,2000,Maracay,Venezuela,P,"6' 2""",257,2026,2026,113
683766,Christian Koss,1998-01-27,1998,Riverside,USA,2B,"6' 1""",185,2025,2026,137
683769,Hunter Gaddis,1998-04-09,1998,Canton,USA,P,"6' 6""",260,2022,2026,114
684007,Shota Imanaga,1993-09-01,1993,Kitakyushu,Japan,P,"5' 10""",175,2024,2026,112
684049,Brandan Bidois,2001-06-21,2001,Brisbane,Australia,P,"6' 2""",174,2026,2026,484
684320,Yariel Rodríguez,1997-03-10,1997,Camaguey,Cuba,P,"6' 0""",165,2024,2026,422
684442,Kohl Drake,2000-07-17,2000,Orem,USA,P,"6' 5""",220,2026,2026,109
684974,Craig Yoho,1999-10-23,1999,Fishers,USA,P,"6' 2""",237,2025,2026,158
685005,Christian Roa,1999-04-02,1999,Houston,USA,P,"6' 4""",220,2025,2026,5434
685112,Zach McCambley,1999-05-04,1999,Netcong,USA,P,"6' 2""",225,2026,2026,416
685126,Brandon Eisert,1998-01-19,1998,Portland,USA,P,"6' 2""",210,2024,2026,484
685299,Tanner Gordon,1997-10-26,1997,Champaign,USA,P,"6' 5""",220,2024,2026,115
685801,Hunter Bigge,1998-06-12,1998,Los Gatos,USA,P,"6' 0""",215,2024,2026,234
686218,Emmet Sheehan,1999-11-15,1999,New York,USA,P,"6' 5""",220,2023,2026,119
686228,Juan Burgos,1999-12-22,1999,Santiago,Dominican Republic,P,"6' 0""",190,2025,2026,2310
686475,Tyler Tolbert,1998-01-27,1998,Birmingham,USA,SS,"5' 10""",185,2025,2026,118
686560,Gavin Collyer,2001-05-12,2001,Lawrenceville,USA,P,"6' 1""",165,2026,2026,102
686563,Jonathan Cannon,2000-07-19,2000,Columbia,USA,P,"6' 6""",225,2024,2026,494
686580,Justin Slaten,1997-09-15,1997,Longview,USA,P,"6' 4""",222,2024,2026,111
686610,Ken Waldichuk,1998-01-08,1998,San Diego,USA,P,"6' 4""",220,2022,2026,120
686613,Hunter Brown,1998-08-29,1998,Detroit,USA,P,"6' 2""",220,2022,2026,117
686678,Chase Solesky,1997-09-26,1997,Fort Pierce,USA,P,"6' 3""",201,2026,2026,234
686747,Joe La Sorsa,1998-04-29,1998,Mount Kisco,USA,P,"6' 5""",224,2023,2026,533
686751,Seth Johnson,1998-09-19,1998,Concord,USA,P,"6' 1""",205,2024,2026,143
686753,Drey Jameson,1997-08-17,1997,Greenfield,USA,P,"6' 0""",175,2022,2026,109
686790,Trevor McDonald,2001-02-26,2001,Mobile,USA,P,"6' 0""",205,2024,2026,137
686799,Jack Kochanowicz,2000-12-22,2000,Philadelphia,USA,P,"6' 7""",228,2024,2026,108
686894,Joey Wiemer,1999-02-11,1999,Sylvania,USA,RF,"6' 4""",226,2023,2026,534
686930,Mason Barnett,2000-11-07,2000,Kennesaw,USA,P,"6' 0""",218,2025,2026,133
686934,Alex McFarlane,2001-06-09,2001,St. Thomas,USA,P,"6' 3""",215,2026,2026,1410
686973,Louis Varland,1997-12-09,1997,St. Paul,USA,P,"6' 1""",205,2022,2026,141
686993,Justin Sterner,1996-08-29,1996,La Jolla,USA,P,"6' 1""",215,2024,2026,133
687064,Brandon Young,1998-08-19,1998,Lumberton,USA,P,"6' 6""",230,2025,2026,110
687075,Brandon Sproat,2000-09-17,2000,Pensacola,USA,P,"6' 3""",205,2025,2026,158
687209,Zach Maxwell,2001-01-26,2001,Nashville,USA,P,"6' 6""",275,2025,2026,416
687223,Carson Palmquist,2000-10-17,2000,Fort Myers,USA,P,"6' 3""",206,2025,2026,120
687239,Ben Peoples,2001-05-01,2001,Columbia,USA,P,"6' 1""",175,2026,2026,140
687312,Gabriel Hughes,2001-08-22,2001,Anchorage,USA,P,"6' 4""",238,2026,2026,115
687330,Kevin Kelly,1997-11-28,1997,Springfield,USA,P,"6' 2""",195,2023,2026,139
687377,Orlando Ribalta,1998-03-05,1998,Santa Clara,Cuba,P,"6' 7""",245,2024,2026,120
687396,Brent Headrick,1997-12-17,1997,Braidwood,USA,P,"6' 6""",235,2023,2026,147
687473,Ryan Gusto,1999-03-11,1999,Santa Rosa,USA,P,"6' 4""",232,2025,2026,146
687531,William Kempner,2001-06-18,2001,San Jose,USA,P,"6' 0""",222,2026,2026,146
687562,Jake Bennett,2000-12-02,2000,Tulsa,USA,P,"6' 6""",234,2026,2026,111
687570,Connor Prielipp,2001-01-10,2001,Tomah,USA,P,"6' 2""",210,2026,2026,142
687606,Paxton Schultz,1998-01-05,1998,Orem,USA,P,"6' 3""",205,2025,2026,534
687721,Cameron Weston,2000-08-27,2000,Pittsburgh,USA,P,"6' 2""",215,2026,2026,568
687765,Mitch Spence,1998-05-06,1998,Kirkland,USA,P,"6' 1""",185,2024,2026,541
687849,Zak Kent,1998-02-24,1998,Henrico,USA,P,"6' 3""",208,2025,2026,534
687911,Bryan King,1996-11-05,1996,Littleton,USA,P,"6' 1""",205,2024,2026,117
687931,Carson Whisenhunt,2000-10-20,2000,Winston-Salem,USA,P,"6' 3""",225,2025,2026,137
687941,Alec Gamboa,1997-01-17,1997,Madera,USA,P,"6' 1""",205,2026,2026,533
687985,Josh White,2000-11-24,2000,Walnut Creek,USA,P,"6' 1""",205,2026,2026,564
688107,Robert Gasser,1999-05-31,1999,El Dorado Hills,USA,P,"6' 0""",197,2024,2026,158
688158,David Morgan,1999-10-26,1999,Mission Viejo,USA,P,"6' 0""",185,2025,2026,410
688297,Chris Roycroft,1997-06-21,1997,Dundee,USA,P,"6' 8""",230,2024,2026,139
688497,Taylor Rashi,1996-01-15,1996,Torrance,USA,P,"6' 4""",220,2025,2026,1960
688642,Zach Agnos,2000-08-15,2000,Haymarket,USA,P,"6' 0""",225,2025,2026,115
688883,Peyton Pallette,2001-05-09,2001,Little Rock,USA,P,"6' 1""",190,2026,2026,494
689017,Landon Knack,1997-07-15,1997,Johnson City,USA,P,"6' 2""",220,2024,2026,238
689147,Orion Kerkering,2001-04-04,2001,Huntington Beach,USA,P,"6' 2""",204,2023,2026,143
689149,Chad Dallas,2000-06-26,2000,Orange,USA,P,"5' 11""",206,2026,2026,141
689225,Beau Brieske,1998-04-04,1998,Chandler,USA,P,"6' 3""",200,2022,2026,512
689254,Mason Fluharty,2001-08-13,2001,Lewes,USA,P,"6' 2""",215,2025,2026,141
689266,Dylan Dodd,1998-06-06,1998,Elk Grove,USA,P,"6' 2""",210,2023,2026,144
689296,Anthony Nunez,2001-07-10,2001,Miami,USA,P,"6' 2""",220,2026,2026,110
689441,Coleman Crow,2000-12-30,2000,Concord,USA,P,"5' 10""",175,2026,2026,556
689520,Cody Laweryson,1998-05-10,1998,Bingham,USA,P,"6' 4""",205,2025,2026,1960
689546,Nick Davila,1998-11-21,1998,Hialeah,USA,P,"6' 3""",230,2026,2026,529
689690,Alek Jacob,1998-06-16,1998,Spokane,USA,P,"6' 3""",190,2023,2026,4904
689818,David Sandlin,2001-02-21,2001,Owasso,USA,P,"6' 4""",215,2026,2026,494
690155,Matt Pushard,1997-10-27,1997,Bangor,USA,P,"6' 4""",250,2026,2026,564
690925,Clayton Beeter,1998-10-09,1998,Fort Worth,USA,P,"6' 2""",220,2024,2026,120
690928,Hunter Dobbins,1999-08-30,1999,Bryan,USA,P,"6' 2""",185,2025,2026,235
690953,Mick Abel,2001-08-18,2001,Portland,USA,P,"6' 5""",190,2025,2026,142
690978,Dax Fulton,2001-10-16,2001,Weatherford,USA,P,"6' 7""",245,2026,2026,146
690986,Kyle Harrison,2001-08-12,2001,San Jose,USA,P,"6' 2""",216,2023,2026,158
690990,Cade Horton,2001-08-20,2001,Oklahoma City,USA,P,"6' 1""",211,2025,2026,112
690997,Nolan McLean,2001-07-24,2001,Willow Spring,USA,P,"6' 2""",214,2025,2026,121
691008,Max Rajcic,2001-08-03,2001,Orange,USA,P,"6' 0""",240,2026,2026,138
691548,Rolddy Muñoz,2000-04-14,2000,Santo Domingo,Dominican Republic,P,"6' 2""",183,2025,2026,431
691587,Eury Pérez,2003-04-15,2003,Santiago,Dominican Republic,P,"6' 8""",220,2023,2026,146
691594,Javier Sanoja,2002-09-03,2002,Maracay,Venezuela,3B,"5' 7""",150,2024,2026,146
691725,Andrew Painter,2003-04-10,2003,Pompano Beach,USA,P,"6' 7""",215,2026,2026,1410
691769,Philip Abner,2002-05-05,2002,Charlotte,USA,P,"6' 1""",230,2025,2026,2310
691799,Grant Taylor,2002-05-20,2002,Florence,USA,P,"6' 3""",230,2025,2026,145
691945,Carter Baumler,2002-01-31,2002,Des Moines,USA,P,"6' 2""",195,2026,2026,140
691946,George Klassen,2002-01-26,2002,West Bend,USA,P,"6' 2""",195,2026,2026,561
691951,Sam Aldegheri,2001-09-19,2001,Verona,Italy,P,"6' 1""",210,2024,2026,561
692030,Jose Corniell,2003-06-22,2003,Santo Domingo,Dominican Republic,P,"6' 2""",165,2025,2026,140
692230,Carlos Rodriguez,2001-11-27,2001,Rivas,Nicaragua,P,"5' 11""",203,2024,2026,556
692437,Winston Santos,2002-04-15,2002,Payita,Dominican Republic,P,"6' 0""",160,2026,2026,102
693312,Kyle Nicolas,1999-02-22,1999,Massillon,USA,P,"6' 3""",216,2023,2026,534
693313,Carson Seymour,1998-12-16,1998,Poway,USA,P,"6' 5""",264,2025,2026,105
693433,Bryan Woo,2000-01-30,2000,Oakland,USA,P,"6' 2""",205,2023,2026,136
693645,Cam Schlittler,2001-02-05,2001,Weymouth,USA,P,"6' 6""",215,2025,2026,147
693686,Spencer Miles,2000-07-26,2000,Columbia,USA,P,"6' 3""",180,2026,2026,141
693713,Emiliano Teodo,2001-02-14,2001,Barahona,Dominican Republic,P,"6' 1""",165,2026,2026,102
693821,Bryce Elder,1999-05-19,1999,Decatur,USA,P,"6' 2""",220,2022,2026,144
693855,Ian Seymour,1998-12-13,1998,Madison,USA,P,"6' 0""",215,2025,2026,139
694037,Daniel Palencia,2000-02-05,2000,San Carlos,Venezuela,P,"5' 11""",160,2023,2026,112
694297,Brandon Pfaadt,1998-10-15,1998,Louisville,USA,P,"6' 4""",220,2023,2026,109
694335,Matt Svanson,1999-01-31,1999,Lake Zurich,USA,P,"6' 5""",235,2025,2026,138
694341,Brendan Beck,1998-10-06,1998,La Jolla,USA,P,"6' 2""",218,2026,2026,531
694346,Trey Gibson,2002-05-18,2002,Newport News,USA,P,"6' 5""",240,2026,2026,568
694350,Zach Brzykcy,1999-07-12,1999,Hickory,USA,P,"6' 2""",208,2024,2026,564
694360,Beck Way,1999-08-06,1999,Harrisburg,USA,P,"6' 4""",200,2026,2026,118
694361,Will Klein,1999-11-28,1999,Bloomington,USA,P,"6' 5""",230,2024,2026,119
694363,Jared Shuster,1998-08-03,1998,New Bedford,USA,P,"6' 3""",220,2023,2026,235
694397,Marco Raya,2002-08-07,2002,Laredo,USA,P,"6' 1""",170,2026,2026,1960
694462,Hurston Waldrep,2002-03-01,2002,Cairo,USA,P,"6' 2""",210,2024,2026,431
694477,Chad Patrick,1998-08-14,1998,Crown Point,USA,P,"6' 1""",217,2025,2026,158
694646,Chayce McDermott,1998-08-22,1998,Anderson,USA,P,"6' 3""",190,2024,2026,238
694680,Trevor Martin,2000-12-15,2000,Poteau,USA,P,"6' 5""",238,2026,2026,234
694738,Landen Roupp,1998-09-10,1998,Rocky Mount,USA,P,"6' 2""",220,2024,2026,137
694753,Khristian Curtis,2002-05-09,2002,Beaumont,USA,P,"6' 5""",215,2026,2026,484
694795,Josh Ekness,2002-02-07,2002,Albuquerque,USA,P,"6' 4""",225,2026,2026,564
694819,Jacob Misiorowski,2002-04-03,2002,Blue Springs,USA,P,"6' 7""",201,2025,2026,158
694851,Andrew Hoffmann,2000-02-02,2000,Joliet,USA,P,"6' 5""",215,2025,2026,2310
694918,Blade Tidwell,2001-06-08,2001,Columbia,USA,P,"6' 3""",244,2025,2026,105
694973,Paul Skenes,2002-05-29,2002,Fullerton,USA,P,"6' 6""",260,2024,2026,134
695001,Alimber Santa,2003-05-03,2003,Azua,Dominican Republic,P,"5' 10""",228,2026,2026,5434
695034,Kade Morris,2002-06-21,2002,Modesto,USA,P,"6' 3""",190,2026,2026,400
695049,Brett Kerry,1999-04-12,1999,Clemmons,USA,P,"6' 0""",213,2026,2026,561
695076,Rhett Lowder,2002-03-08,2002,Albemarle,USA,P,"6' 1""",200,2024,2026,113
695239,Robby Ahlstrom,1999-06-18,1999,Placerville,USA,P,"6' 3""",195,2026,2026,140
695243,Mason Miller,1998-08-24,1998,Pittsburgh,USA,P,"6' 5""",200,2023,2026,135
695380,Alex Hoppe,1998-12-17,1998,Davenport,USA,P,"6' 1""",200,2026,2026,136
695418,Brad Lord,2000-02-14,2000,Tallahassee,USA,P,"6' 3""",210,2025,2026,120
695445,Chase Lee,1998-08-13,1998,Birmingham,USA,P,"6' 0""",170,2025,2026,422
695505,Chase Burns,2003-01-16,2003,Naples,Italy,P,"6' 3""",210,2025,2026,113
695534,Chase Petty,2003-04-04,2003,Camden,USA,P,"6' 1""",190,2025,2026,113
695611,Gage Jump,2003-04-12,2003,Aliso Viejo,USA,P,"6' 0""",200,2026,2026,133
695684,Elmer Rodríguez,2003-08-18,2003,Trujillo Alto,Puerto Rico,P,"6' 4""",177,2026,2026,531
696062,Wilber Dotel,2002-09-25,2002,Santo Domingo,Dominican Republic,P,"6' 3""",238,2026,2026,134
696070,Kendry Rojas,2002-11-26,2002,Ciego de Avila,Cuba,P,"6' 2""",190,2026,2026,142
696131,Mason Black,1999-12-10,1999,Scranton,USA,P,"6' 3""",228,2024,2026,541
696136,Jordan Wicks,1999-09-01,1999,Conway,USA,P,"6' 3""",220,2023,2026,451
696147,Sam Bachman,1999-09-30,1999,Indianapolis,USA,P,"6' 1""",235,2023,2026,108
696149,Bubba Chandler,2002-09-14,2002,Lawrenceville,USA,P,"6' 3""",206,2025,2026,134
696270,Ryan Johnson,2002-08-05,2002,Dallas,USA,P,"6' 6""",215,2025,2026,108
696519,Samy Natera Jr.,1999-11-05,1999,Ciudad Juarez,Mexico,P,"6' 4""",230,2026,2026,108
696522,Hayden Juenger,2000-08-09,2000,O’Fallon,USA,P,"6' 0""",180,2026,2026,133
697812,Joe Rock,2000-07-29,2000,Sewickley,USA,P,"6' 6""",220,2025,2026,494
699008,Antwone Kelly,2003-09-01,2003,Oranjestad,Aruba,P,"5' 10""",238,2026,2026,484
699044,Miguel Ullola,2002-06-19,2002,Puerto Plata,Dominican Republic,P,"6' 1""",205,2026,2026,5434
699134,Bradgley Rodriguez,2003-11-16,2003,Petare,Venezuela,P,"6' 1""",160,2025,2026,135
699151,Jedixson Paez,2004-01-17,2004,Tinaquillo,Venezuela,P,"6' 1""",170,2026,2026,546
699823,Tyler Davis,1998-10-03,1998,Webster,USA,P,"6' 2""",210,2026,2026,494
700241,Michael McGreevy,2000-07-08,2000,San Clemente,USA,P,"6' 4""",220,2024,2026,138
700249,Cade Povich,2000-04-12,2000,Reno,USA,P,"6' 3""",200,2024,2026,568
700270,Yilber Díaz,2000-08-19,2000,Guatire,Venezuela,P,"6' 0""",190,2024,2026,512
700327,Welinton Herrera,2004-04-03,2004,Fantino,Dominican Republic,P,"6' 0""",198,2026,2026,115
700413,Tyler Uberstine,1999-06-01,1999,Santa Monica,USA,P,"6' 1""",200,2026,2026,533
700669,Gordon Graceffo,2000-03-17,2000,Wayne,USA,P,"6' 4""",220,2024,2026,138
700712,Walbert Ureña,2004-01-25,2004,Mao,Dominican Republic,P,"6' 0""",210,2026,2026,108
700842,Eduardo Rivera,2003-06-13,2003,San Juan,Puerto Rico,P,"6' 7""",237,2026,2026,533
701121,Logan VanWey,1999-02-14,1999,Joplin,USA,P,"6' 2""",205,2025,2026,5434
701474,Duncan Davitt,1999-09-23,1999,Des Moines,USA,P,"6' 3""",235,2026,2026,494
701519,Travis Adams,2000-01-19,2000,Palm Springs,USA,P,"6' 1""",197,2025,2026,142
701542,Will Warren,1999-06-16,1999,Brandon,USA,P,"6' 2""",200,2024,2026,147
701552,Andre Granillo,2000-05-12,2000,Hemet,USA,P,"6' 4""",250,2025,2026,512
701656,Logan Henderson,2002-03-02,2002,Houston,USA,P,"6' 0""",209,2025,2026,158
701719,Tyler Samaniego,1999-01-30,1999,Huntsville,USA,P,"6' 4""",205,2026,2026,533
702021,Will Dion,2000-04-17,2000,Sulphur,USA,P,"5' 10""",180,2026,2026,114
702056,Trey Yesavage,2003-07-28,2003,Pottstown,USA,P,"6' 4""",225,2025,2026,141
702070,Noah Cameron,1999-07-17,1999,St. Joseph,USA,P,"6' 3""",220,2025,2026,118
702153,Brian Fitzpatrick,2000-06-01,2000,Smithtown,USA,P,"6' 7""",225,2026,2026,158
702193,Andrew Morris,2001-09-01,2001,New York,USA,P,"6' 0""",195,2026,2026,142
702273,Noah Schultz,2003-08-05,2003,Naperville,USA,P,"6' 10""",240,2026,2026,145
702275,JR Ritchie,2003-06-26,2003,Seattle,USA,P,"6' 2""",185,2026,2026,431
702281,Robby Snelling,2003-12-19,2003,Reno,USA,P,"6' 3""",210,2026,2026,146
702303,Riley Martin,1998-03-19,1998,Salem,USA,P,"6' 1""",215,2026,2026,112
702352,Spencer Bivens,1994-06-28,1994,Virginia Beach,USA,P,"6' 4""",220,2024,2026,105
702474,Mike Paredes,2000-07-27,2000,San Diego,USA,P,"5' 11""",185,2026,2026,142
702566,Owen Murphy,2003-09-27,2003,Chicago,USA,P,"6' 1""",190,2026,2026,431
702752,Jonathan Pintaro,1997-11-07,1997,Pelham,USA,P,"6' 2""",235,2025,2026,121
703615,Jose Cabrera,2002-05-30,2002,Yaguate,Dominican Republic,P,"6' 3""",235,2026,2026,2310
703725,Luis Gastelum,2001-09-27,2001,Los Mochis,Mexico,P,"6' 2""",175,2026,2026,138
800048,Parker Messick,2000-10-26,2000,Plant City,USA,P,"6' 0""",225,2025,2026,114
800311,Didier Fuentes,2005-06-17,2005,Tolu,Colombia,P,"6' 0""",170,2025,2026,144
801139,Payton Tolle,2002-11-01,2002,Stillwater,USA,P,"6' 6""",250,2025,2026,111
801403,Chase Dollander,2001-10-26,2001,Evans,USA,P,"6' 2""",219,2025,2026,115
801434,Paul Gervase,2000-05-23,2000,Cary,USA,P,"6' 10""",230,2025,2026,238
802408,Brycen Mautz,2001-07-17,2001,San Diego,USA,P,"6' 3""",190,2026,2026,235
804267,Zac Thornton,2002-01-17,2002,Winona,USA,P,"6' 3""",170,2026,2026,121
804619,John Klein,2002-04-22,2002,Brooklyn Park,USA,P,"6' 5""",225,2026,2026,1960
804636,Jonah Tong,2003-06-19,2003,Markham,Canada,P,"6' 1""",180,2025,2026,552
805123,AJ Blubaugh,2000-07-04,2000,Mansfield,USA,P,"6' 2""",190,2025,2026,117
805299,Brandyn Garcia,2000-05-27,2000,Newport,USA,P,"6' 4""",235,2025,2026,109
805326,Tyler Schweitzer,2000-09-19,2000,Indianapolis,USA,P,"6' 0""",185,2026,2026,145
805427,Drew Sommers,2000-08-14,2000,Hoffman Estates,USA,P,"6' 3""",250,2025,2026,116
805673,Zebby Matthews,2000-05-22,2000,Cullowhee,USA,P,"6' 5""",225,2024,2026,142
806188,Cade Gibson,1998-02-18,1998,Ruston,USA,P,"6' 2""",195,2025,2026,146
806960,Luis Morales,2002-09-24,2002,Antilla,Cuba,P,"6' 3""",200,2025,2026,133
807743,Sean Sullivan,2002-07-22,2002,Boston,USA,P,"6' 4""",200,2026,2026,342
808963,Roki Sasaki,2001-11-03,2001,Rikuzentakata,Japan,P,"6' 2""",187,2025,2026,119
808967,Yoshinobu Yamamoto,1998-08-17,1998,Bizen,Japan,P,"5' 10""",176,2024,2026,119
808970,Woo-Suk Go,1998-08-06,1998,Ganghwa-gun,Republic of Korea,P,"5' 11""",198,2026,2026,1960
810938,Ben Williamson,2000-11-05,2000,Fairfax,USA,2B,"6' 0""",210,2025,2026,139
813349,Connelly Early,2002-04-03,2002,Midlothian,USA,P,"6' 3""",195,2025,2026,120
814305,Yunior Tur,1999-08-09,1999,Havana,Cuba,P,"6' 6""",208,2026,2026,400
815083,Mitch Farris,2001-02-14,2001,Charlotte,USA,P,"6' 2""",195,2025,2026,108
820862,José Fermin,2001-11-28,2001,Payita,Dominican Republic,P,"6' 3""",242,2025,2026,108
837227,Tatsuya Imai,1998-05-09,1998,Kanuma,Japan,P,"5' 11""",176,2026,2026,117
