"last_name, first_name","player_id","year","player_age","k_percent","bb_percent","in_zone_percent","whiff_percent","groundballs_percent","flyballs_percent","popups_percent","pitch_hand","arm_angle","n_ff_formatted","ff_avg_speed","ff_avg_spin","ff_avg_break_x","ff_avg_break_z","ff_avg_break_z_induced","ff_avg_break","ff_range_speed","n_sl_formatted","sl_avg_speed","sl_avg_spin","sl_avg_break_x","sl_avg_break_z","sl_avg_break_z_induced","sl_avg_break","sl_range_speed","n_ch_formatted","ch_avg_speed","ch_avg_spin","ch_avg_break_x","ch_avg_break_z","ch_avg_break_z_induced","ch_avg_break","ch_range_speed","n_cu_formatted","cu_avg_speed","cu_avg_spin","cu_avg_break_x","cu_avg_break_z","cu_avg_break_z_induced","cu_avg_break","cu_range_speed","n_si_formatted","si_avg_speed","si_avg_spin","si_avg_break_x","si_avg_break_z","si_avg_break_z_induced","si_avg_break","si_range_speed","n_fc_formatted","fc_avg_speed","fc_avg_spin","fc_avg_break_x","fc_avg_break_z","fc_avg_break_z_induced","fc_avg_break","fc_range_speed","n_fs_formatted","fs_avg_speed","fs_avg_spin","fs_avg_break_x","fs_avg_break_z","fs_avg_break_z_induced","fs_avg_break","fs_range_speed","n_kn_formatted","kn_avg_speed","kn_avg_spin","kn_avg_break_x","kn_avg_break_z","kn_avg_break_z_induced","kn_avg_break","kn_range_speed","n_st_formatted","st_avg_speed","st_avg_spin","st_avg_break_x","st_avg_break_z","st_avg_break_z_induced","st_avg_break","st_range_speed","n_sv_formatted","sv_avg_speed","sv_avg_spin","sv_avg_break_x","sv_avg_break_z","sv_avg_break_z_induced","sv_avg_break","sv_range_speed","n_fo_formatted","fo_avg_speed","fo_avg_spin","fo_avg_break_x","fo_avg_break_z","fo_avg_break_z_induced","fo_avg_break","fo_range_speed","n_sc_formatted","sc_avg_speed","sc_avg_spin","sc_avg_break_x","sc_avg_break_z","sc_avg_break_z_induced","sc_avg_break","sc_range_speed"
"Webb, Logan",657277,2026,29,19.1,5.9,46.5,20.5,52.5,19.2,4.8,"R",20.9,"12.7","92.3","2084","-7.7","-22","9.9","12.7","1.1",,,,,,,,,"24.9","85.9","1481","-10","-42.1","-5.3","11.6","1.2",,,,,,,,,"29.7","92.1","1946","-15.5","-32","0.3","15.7","1.1","13.3","89.7","2313","-0.8","-26.8","6.8","7.1","1.3",,,,,,,,,,,,,,,,,"19.4","84.1","2605","14.3","-37.6","1.1","14.6","1.2",,,,,,,,,,,,,,,,,,,,,,,,
"Gore, MacKenzie",669022,2026,27,26.1,8.6,47.4,26.4,39.1,26.2,7.7,"L",47.7,"45.9","95.4","2244","6.6","-13.9","16.3","17.7","1.1","10","85.7","2085","-4.4","-34.7","2.8","6.8","1.5","11.9","86.5","1961","13.2","-26.6","10.1","16.8","1.3","19","81.7","2268","-3.3","-52.5","-11.4","12.1","1.6","5.6","95.2","2124","13.5","-16.4","13.9","19.5","1.2","7.7","89.9","1928","-1.5","-26.1","7.6","7.9","1.3",,,,,,,,,,,,,,,,,,,,,,,,,,,,,,,,,,,,,,,,,,,,,,,,
"Cameron, Noah",702070,2026,26,21.4,7.6,47.3,25.9,40.5,24.7,6.2,"L",52.4,"25.9","92.5","2323","6.2","-14.9","17","18.2","1.4","11.3","85.1","2499","-2.9","-35","2.7","4.8","1.7","21.2","81","1638","12.6","-32","9.8","16.1","2.2","17.2","81.9","2304","-3.8","-50.1","-9.3","10.4","2.1","3.9","91.5","2262","12.6","-20.8","11.7","17.4","1.3","20.5","89.8","2350","-2.5","-24.7","9.1","9.6","1.7",,,,,,,,,,,,,,,,,,,,,,,,,,,,,,,,,,,,,,,,,,,,,,,,
"Bibee, Tanner",676440,2026,27,19.5,6.8,50.3,24.2,38.4,27.2,9.6,"R",54.7,"22.1","94","2155","-5","-15","16","16.9","1.1",,,,,,,,,"14.6","81.1","1875","-12","-28.3","13.4","18.2","1.5","10.8","77.9","2574","14.7","-53.5","-8","17","1.8","23.2","93.3","2137","-14.6","-22.3","9.2","17.4","1.3","24.5","85.9","2665","6.9","-34.5","2.6","8.2","1.6",,,,,,,,,,,,,,,,,"4.8","82.6","2631","16.8","-40.4","0","17.1","1.6",,,,,,,,,,,,,,,,,,,,,,,,
"Kelly, Merrill",518876,2026,37,15.1,9.8,42.7,21.3,41.9,26.8,5,"R",23.6,"26.9","92.1","2366","-9.6","-17.9","14.5","17.4","1.4","10.1","86.4","2303","1.5","-32.4","4","4.8","1.2","27.4","88.4","2164","-15.1","-34.8","0.2","15.2","1.4","12","82.5","2569","7.2","-48.5","-8.4","11.2","1.6","9.8","92.3","2240","-16.6","-25.7","6.5","17.9","1.4","13.9","91","2366","-4","-20.4","12.5","13.3","1.3",,,,,,,,,,,,,,,,,,,,,,,,,,,,,,,,,,,,,,,,,,,,,,,,
"Montero, Keider",672456,2026,25,17.5,5.7,53.4,19.2,41.6,25.2,13.4,"R",42.6,"30.5","94.3","2231","-6","-14.4","16.4","17.6","1.3","19","85.9","2572","6.4","-35.1","2","7.3","1.6","14","86.9","2004","-15.1","-27.1","9","17.7","1.2","13.8","80.4","2863","11.1","-49.3","-6.9","13.4","1.5","22.8","94.7","2237","-15.3","-19.2","11.4","19.2","1.2",,,,,,,,,,,,,,,,,,,,,,,,,,,,,,,,,,,,,,,,,,,,,,,,,,,,,,,,
"Rasmussen, Drew",656876,2026,30,26.3,4.5,49.4,25.3,44.6,22.7,7.9,"R",52.6,"29.2","95.9","2513","-4.4","-12.2","17.7","18.3","1",,,,,,,,,"12.2","89.9","1214","-12","-31.3","2.8","13","1.1","4","80.3","2607","4.7","-55.3","-12.5","13.6","1.7","22.8","95.4","2417","-16.2","-17.7","12.5","20.6","1","29.3","90","2643","4.5","-29.8","3.9","6.7","1.7",,,,,,,,,,,,,,,,,"2.7","84.5","2496","12.5","-38.9","-0.5","12.8","1.3",,,,,,,,,,,,,,,,,,,,,,,,
"McLean, Nolan",690997,2026,24,28,8.8,47.9,24.8,46,24,5.5,"R",30.9,"21","96.1","2330","-11.7","-15.9","13.9","18.3","1.2","2.1","86.5","2950","9.6","-31.8","4.8","11.1","1.7","6.2","88.1","1228","-12.5","-38.1","-2.5","13.2","1.7","14.5","81.9","3358","17.4","-55.1","-13.3","22","1.9","32.5","95.1","2206","-17.7","-25.3","5.2","18.5","1.4","10.1","92","2544","0.9","-25.6","6.6","6.9","1.6",,,,,,,,,,,,,,,,,"13.6","84.9","3009","18.6","-40","-1.5","18.9","1.6",,,,,,,,,,,,,,,,,,,,,,,,
"Messick, Parker",800048,2026,25,25.1,7,47.5,25.6,45,21.3,11.7,"L",42.1,"38.1","94.2","2165","5.3","-14.2","16.6","17.6","1.6","4.8","86.8","2348","-5.9","-31.8","4.3","7.9","1.6","23.7","85.8","1847","14.9","-35.4","1.8","15.1","1.4","10.2","79.2","2285","-14","-49.9","-6","15.4","1.5","16.6","92.6","2053","13.1","-21.6","10.2","16.7","1.4","6.6","90.5","2154","-2.5","-23.4","9.8","10.4","1.4",,,,,,,,,,,,,,,,,,,,,,,,,,,,,,,,,,,,,,,,,,,,,,,,
"Alcantara, Sandy",645261,2026,30,19,6.2,51.1,22,44.1,23.9,8.7,"R",33.4,"19.5","97.5","2248","-12.7","-15.5","13.5","18.6","1.3","6.7","85.1","2353","4.9","-35.3","2.9","6.5","1.5","20.5","90.9","2088","-17","-30.7","2.5","17.3","1.2","3.4","83.3","2421","4","-42.5","-3.1","5.3","1.8","26.3","97.3","2292","-17.2","-20.8","8.3","19.2","1.3","14.6","90","2204","1.1","-27.8","5.9","6.3","1.4",,,,,,,,,,,,,,,,,"8.9","84.3","2373","12.2","-37.9","0.9","12.6","1.5",,,,,,,,,,,,,,,,,,,,,,,,
"King, Michael",650633,2026,31,21.5,9.8,47,25.7,44.7,26.5,8.6,"R",24.7,"19.1","94.1","2336","-7.8","-16","15","17.2","1.2","4.6","84.8","2502","3.9","-36.8","1.4","5.1","1.6","28.2","86.3","1866","-16.9","-32.4","4.4","17.6","1.1",,,,,,,,,"27.9","93","2240","-17.1","-27","4.9","18","1.3",,,,,,,,,,,,,,,,,,,,,,,,,"20.2","82.1","2813","12.9","-37.8","3","13.6","1.6",,,,,,,,,,,,,,,,,,,,,,,,
"Cavalli, Cade",676917,2026,27,25.5,7.1,49.1,25.3,50.8,23.6,3.3,"R",36.2,"33.8","96.8","2300","-6","-14.5","14.6","15.9","1.4",,,,,,,,,"7.8","88.9","1951","-17.3","-30.1","4.6","18.1","1.5","26.9","85.8","2238","7.7","-48.1","-10.9","13.5","2","14","96.1","2149","-14.7","-21.8","7.7","16.8","1.4","5.3","93.5","2286","1.3","-22.6","8.3","8.7","2",,,,,,,,,,,,,,,,,"12.2","86","2286","14.5","-45.1","-7.9","16.7","1.6",,,,,,,,,,,,,,,,,,,,,,,,
"Baz, Shane",669358,2026,27,20.4,7.9,49.9,22.1,39,26.1,5.6,"R",37.5,"34.2","95.9","2399","-9.2","-13.3","16.5","19","1.6",,,,,,,,,"8.6","88","1890","-13.8","-26.1","9.3","16.8","1.8","32.7","85.3","2633","5.3","-47.9","-10.4","11.9","1.6","8.2","95.2","2271","-14.5","-17.8","12.4","19.2","1.4","16.2","89.6","2319","3.3","-27.1","6.7","7.7","1.6",,,,,,,,,,,,,,,,,,,,,,,,,,,,,,,,,,,,,,,,,,,,,,,,
"Elder, Bryce",693821,2026,27,19.4,8.1,47.5,22,43.8,26.3,6.8,"R",48.4,"22.4","92.5","2230","-4.2","-16.4","15.4","16.1","1.2","24.1","83.1","2451","3.3","-42.7","-3.3","5.2","1.4","10.5","85.8","1473","-12","-33.4","3.9","13","1.1",,,,,,,,,"28.1","91.1","2086","-13.7","-24.9","8.1","16.1","1.3","14.9","88.6","2205","1.8","-24","10.5","10.8","1.2",,,,,,,,,,,,,,,,,,,,,,,,,,,,,,,,,,,,,,,,,,,,,,,,
"Ray, Robbie",592662,2026,34,20.4,11.7,43.2,24.8,36.8,34.1,6.9,"L",44.2,"33.3","93.2","2333","9.2","-14.2","17.4","19.8","1.3","24.4","85.9","2212","-1.4","-30.6","6.3","6.8","2.2","18.3","86","1618","10.8","-26.1","10.7","15.4","1.5","10.7","79.6","2181","-4","-50.1","-7","8.5","2.2","13.3","92.5","2219","14.4","-20.1","11.8","18.7","1.3",,,,,,,,,,,,,,,,,,,,,,,,,,,,,,,,,,,,,,,,,,,,,,,,,,,,,,,,
"Martin, Davis",663436,2026,29,20.8,7.3,47.5,23.9,42.6,21.6,6.3,"R",35.9,"26.9","93.9","2411","-5.4","-16.9","14.1","15.2","1.4","13.6","87.1","2605","4.9","-34.7","1.2","5.6","1.3","14.1","90.2","2124","-13.4","-32.5","1.2","13.8","1.4","14.1","81.7","2879","14","-48.9","-7.8","16.2","1.4","18.3","92.8","2399","-14.2","-23.8","7.9","16.5","1.1","13","89.7","2574","1.8","-26.6","7.3","7.9","1.2",,,,,,,,,,,,,,,,,,,,,,,,,,,,,,,,,,,,,,,,,,,,,,,,
"Imanaga, Shota",684007,2026,32,23.5,5.2,46.6,28.6,36.8,32.2,10.2,"L",38.7,"40.8","91.6","2497","11.1","-14.9","17.8","21","1.1","2.1","86.5","2481","-3.4","-29.4","6.9","8","1.3",,,,,,,,,"2.7","74.4","2515","-8.8","-63","-13.2","16.1","1.6","6.6","90.1","2462","16.4","-24","9.7","19.2","1.2",,,,,,,,,"32.8","82.9","1124","11.4","-33.6","6","13.3","1.1",,,,,,,,,"15","81.1","2537","-14","-42.3","-0.6","14.3","1.4",,,,,,,,,,,,,,,,,,,,,,,,
"Yamamoto, Yoshinobu",808967,2026,27,23.8,6,48.7,25.8,46.8,24.6,6.2,"R",40.4,"26.6","96.1","2244","-8.3","-13.5","16.2","18.3","1.2","6.3","87","2758","5.3","-33.6","2.3","6.5","1.7",,,,,,,,,"12.4","77.1","2819","12.6","-62.5","-15.9","20.4","1.7","12.7","95.4","2305","-14.5","-18.5","11.5","18.7","1.2","15","91.6","2455","3.1","-24.3","8.1","9.1","1.5","27.1","91.4","1439","-11.8","-30.7","1.9","12.3","1.3",,,,,,,,,,,,,,,,,,,,,,,,,,,,,,,,,,,,,,,,
"Burke, Sean",680732,2026,26,27.6,7.1,49.5,26.2,36,30.3,9.1,"R",40.7,"37.5","94.9","2584","-4.5","-11.8","18.6","19.3","1.8","16.8","86.6","2519","5.5","-32.7","3.6","7","1.7","2.2","86","1840","-13.4","-26.9","10","16.9","1.5","20.7","79.5","2452","4.8","-57.4","-13.8","14.9","1.9","14.6","94.7","2401","-13","-15.9","14.7","19.7","1.5","8.3","90.1","2637","3.7","-24","9.5","10.5","1.5",,,,,,,,,,,,,,,,,,,,,,,,,,,,,,,,,,,,,,,,,,,,,,,,
"Valdez, Framber",664285,2026,32,18.1,8.5,47.6,20.5,55,19.6,3.6,"L",42.4,"2.6","94.8","2172","6.1","-17.2","13","14.6","1.2","4.8","85.8","2426","-2.6","-36.9","0.1","3.6","1.8","18.5","89","1650","13.7","-32.1","2.4","14.3","1.6","29","78.4","2860","-12.8","-59.2","-14.4","19.3","1.4","45.1","93.8","2170","15.1","-25.3","5.8","16.3","1.4",,,,,,,,,,,,,,,,,,,,,,,,,,,,,,,,,,,,,,,,,,,,,,,,,,,,,,,,
"Lugo, Seth",607625,2026,36,18.2,8,52.1,18.5,41.6,30.8,4.6,"R",28.9,"15.7","91.7","2276","-8.7","-17.2","15.4","17.8","1.8","9","84.2","2665","5.1","-37.2","1.1","5.7","2","8.9","84.8","1718","-15.3","-34.8","3.2","15.9","1.7","18.3","75.9","3095","15.9","-59.9","-11.5","20.1","3.8","19.9","91.4","2346","-16.2","-24.8","7.9","18.2","1.6","16.2","89.8","2351","-0.5","-21.9","11.8","12","1.9",,,,,,,,,,,,,,,,,"10.4","79.1","2893","16.9","-43.9","0","17.1","2.3","1.6","77.3","2907","16.5","-52.2","-5.9","17.6","1.9",,,,,,,,,,,,,,,,
"Wacha, Michael",608379,2026,34,19.1,6.7,50.2,21.1,39,29.2,7.8,"R",53.2,"27.1","93.1","2153","-5.5","-13.5","18.1","19","1.3","8.6","84.9","2027","3","-34.1","3.6","5.7","1.4","24.7","80.6","1534","-13","-34.8","7.4","15.9","1.3","10.1","76","2295","12","-59.6","-11.9","17","1.3","14.7","93.2","2062","-11.9","-15.9","15.6","19.8","1.4","14.8","89.3","2151","1.6","-23.8","10.2","10.6","1.4",,,,,,,,,,,,,,,,,,,,,,,,,,,,,,,,,,,,,,,,,,,,,,,,
"Abbott, Andrew",671096,2026,27,17.8,11,46.7,22.8,42.7,25.7,9.2,"L",51,"45.3","92.5","2342","6.8","-15.4","16.7","18.1","1",,,,,,,,,"18.7","85.9","1992","14.6","-28","9.1","17.3","1.2","13.3","79.7","2807","-9","-49.8","-6.8","11.6","1.1",,,,,,,,,"2","88.7","2611","-4.1","-27.1","7.4","8.6","1.3",,,,,,,,,,,,,,,,,"20.6","82.1","2855","-14","-41.8","-1","14.4","1.3",,,,,,,,,,,,,,,,,,,,,,,,
"Cease, Dylan",656302,2026,30,36.1,10.6,42.6,34.9,44.4,22.2,10,"R",53.1,"36.8","97.3","2469","-3.2","-10.5","18.5","18.8","1.6","29.6","89","2712","1.4","-31","3.4","4.2","1.5","11.4","82.3","1759","-8.5","-24.8","15.7","18","3.5","9.5","82.3","2689","2.5","-54.2","-13.7","14","1.9","8.5","96.1","2394","-11.3","-15.9","13.8","18","1.5",,,,,,,,,,,,,,,,,,,,,,,,,"4.2","83.6","2838","11.6","-48.4","-8.9","14.9","1.8",,,,,,,,,,,,,,,,,,,,,,,,
"Sale, Chris",519242,2026,37,30.6,5.7,49.5,30.7,45.2,23.6,6.2,"L",10.7,"40.8","96.1","2337","14.6","-19.9","9.8","17.7","1.9","39.4","79.5","2510","-12.5","-47.8","-4.3","13.4","2.3","11.3","88.4","1848","16.3","-35.3","-0.3","16.4","2.2",,,,,,,,,"8.5","95.6","2196","18","-27.7","2.3","18.3","1.8",,,,,,,,,,,,,,,,,,,,,,,,,,,,,,,,,,,,,,,,,,,,,,,,,,,,,,,,
"Ashcraft, Braxton",677952,2026,26,26.6,5.9,50.8,26.2,45.3,26,7.5,"R",38,"31.8","97.2","2352","-9.4","-13.5","15.4","18.1","1.1","23.2","91.7","2590","1","-27.8","4.5","5","1.5",,,,,,,,,"26.3","84.9","2726","6.6","-48.1","-10.3","12.5","1.3","13.9","96.9","2317","-16","-22.1","7.1","17.6","1.2",,,,,,,,,"4.9","91.8","1905","-14.8","-26.6","5.8","16","1.4",,,,,,,,,,,,,,,,,,,,,,,,,,,,,,,,,,,,,,,,
"Kirby, George",669923,2026,28,20.6,5.2,49.8,22.2,45.5,26,7.2,"R",33.5,"29.2","96.6","2260","-9.2","-16","13.4","16.4","1.1",,,,,,,,,"7.3","88.7","1544","-14.1","-30.2","4.6","15.1","1.3","9.3","83.9","2370","9.3","-52.5","-13.4","16.4","1.2","21.1","96.9","2310","-16.5","-21.1","8.1","18.5","1.1","3.2","93.2","2333","-0.9","-21.2","10.2","10.4","1.4","0.2","87.3","935","-8.9","-29.5","6.3","11.2","1.5",,,,,,,,,"29.6","87.3","2374","11.2","-39.2","-3.2","12","1.4",,,,,,,,,,,,,,,,,,,,,,,,
"Pallante, Andre",669467,2026,27,17.1,7.4,48.5,21.4,56.1,17.5,4.7,"R",56.9,"32","95.2","2211","-0.6","-18.2","11.9","12.1","1.2","29.6","87.7","2309","4.8","-34.6","0.8","5.4","1.8",,,,,,,,,"17.6","78.5","2762","5","-61","-16.2","17.1","2","18","95.4","2100","-11.5","-16.1","13.9","18.2","1.2",,,,,,,,,"2.7","88.4","987","-8.5","-28.8","6.2","12","1.9",,,,,,,,,,,,,,,,,,,,,,,,,,,,,,,,,,,,,,,,
"Eovaldi, Nathan",543135,2026,36,24.7,5.8,47.5,30.5,49.2,24.9,5.3,"R",37.3,"13.7","94.5","2180","-11.8","-17.3","13.5","18","1.3","0.8","86.4","2095","4.2","-31.4","5","6.9","1.4",,,,,,,,,"22.4","76.4","1892","8.3","-55.3","-8.3","12","1.5","7.1","93.5","2128","-16.1","-21.4","10","19","1.1","19.3","90.3","2242","1.9","-23.3","10.2","10.6","1.4","36.7","88.5","1548","-12.9","-34.1","0.9","13.1","1.4",,,,,,,,,,,,,,,,,,,,,,,,,,,,,,,,,,,,,,,,
"Roupp, Landen",694738,2026,27,23.6,10.9,41.8,25.3,51.8,21,4.7,"R",23.5,"4.9","92.9","2147","-10.8","-20.5","11.1","15.6","1",,,,,,,,,"21.2","87.1","1865","-15.3","-38.6","-2.6","15.6","1.1","26","76.7","3071","19.1","-55.4","-8.4","20.9","1","34.8","93.3","2059","-17.3","-28.4","3","17.6","1.1","13.2","89","2343","2.9","-28.6","5.7","7.1","1.7",,,,,,,,,,,,,,,,,,,,,,,,,,,,,,,,,,,,,,,,,,,,,,,,
"Gausman, Kevin",592332,2026,35,23.1,6.5,45.3,27,40.3,25.2,9.3,"R",37.3,"51.4","94","2280","-10.9","-14.2","16.9","20.2","1.7","10","84.2","2266","0.9","-34.9","3.6","4.2","1.8",,,,,,,,,,,,,,,,,,,,,,,,,,,,,,,,,"38.6","84.1","1574","-13.6","-34.2","4.5","14.9","1.6",,,,,,,,,,,,,,,,,,,,,,,,,,,,,,,,,,,,,,,,
"Rodriguez, Eduardo",593958,2026,33,17.1,8,46.5,20.6,41.6,27.8,5.9,"L",43.4,"39.4","92","2292","6.5","-16.5","15.8","17.2","1.3",,,,,,,,,"26.8","85.7","1866","15.6","-31.3","6","16.9","1.7","12.5","79.6","2305","-4.9","-49","-5.9","7.9","2","8.7","91.5","2237","12.1","-19.7","13","17.9","1.2","12.6","88.6","2282","-1.9","-26.4","8.3","8.8","1.4",,,,,,,,,,,,,,,,,,,,,,,,,,,,,,,,,,,,,,,,,,,,,,,,
"Williams, Gavin",668909,2026,26,32.3,7.2,49.1,31.2,45.3,25.3,6.4,"R",32.2,"25.5","97.4","2300","-10.9","-14.6","14.4","18.1","1.7",,,,,,,,,,,,,,,,,"21.3","82.7","2450","10.5","-54.2","-13.8","17.4","1.5","17.5","96.8","2047","-15.7","-20.1","9.1","18.2","1.6","7.1","92.3","2228","-1.7","-25.7","6.5","7","1.5",,,,,,,,,,,,,,,,,"28.5","87.5","2287","10.7","-36.3","-0.5","11.1","1.6",,,,,,,,,,,,,,,,,,,,,,,,
"Sánchez, Cristopher",650911,2026,29,28,5.4,46.1,32.9,57.6,16.9,3.3,"L",31.2,,,,,,,,,"19.4","86.3","2069","-1.3","-40.6","-3.7","4.3","1.5","37.5","87","2034","16.7","-36.8","-0.6","16.9","1.4",,,,,,,,,"43.1","95.1","2128","18.1","-26","4.3","18.7","1.2",,,,,,,,,,,,,,,,,,,,,,,,,,,,,,,,,,,,,,,,,,,,,,,,,,,,,,,,
"Gilbert, Logan",669302,2026,29,26.4,5.8,49.5,29.9,39.2,29.7,8.2,"R",43.2,"39.5","96.1","2206","-6.3","-12.5","17.1","18.4","1.4","24.8","86.6","2106","1.1","-38.4","-2","3.2","1.6","7.2","85.5","1497","-15.2","-35.3","2.2","15.7","1.6","0.1","76.5","2342","19.8","-49.6","-2.5","20","1.4","0.5","93","2023","-14.1","-26.3","5.4","15.3","1.5","6.6","91.1","2335","3.8","-21.7","11.1","12","1.6","13.6","81.8","707","-4","-43.5","-2.4","6.9","2",,,,,,,,,"7.7","81","2368","15.2","-45.6","-3.5","15.8","1.8",,,,,,,,,,,,,,,,,,,,,,,,
"Misiorowski, Jacob",694819,2026,24,40.6,6,52,38.3,46.2,24.6,8.5,"R",29.9,"63.9","100.6","2628","-11","-11.7","15.4","19","2","10.8","91.9","2508","3.5","-29.8","2.5","6.7","2.3","1.4","92.5","2037","-15.7","-26.8","5","16.6","1.5","10.6","88","2233","5.9","-43.6","-8.2","10.4","1.7",,,,,,,,,"13.2","96","2581","1.5","-22.5","7.1","7.6","1.4",,,,,,,,,,,,,,,,,,,,,,,,,,,,,,,,,,,,,,,,,,,,,,,,
"Martinez, Nick",607259,2026,35,14.1,3.6,52.4,17.4,36.8,29,9.1,"R",55.1,"11.9","92.7","2262","-5.7","-15.1","16.8","17.8","1.2","3.6","85.5","2413","1.6","-33.9","3.4","4","1.4","27.5","78.2","1855","-12.2","-41.4","3.3","12.9","1.2","5.3","80","2511","1","-57.6","-14.6","14.8","1.2","30.7","92.4","2291","-15.1","-19.6","12.6","19.8","1","20.9","89.2","2328","1.3","-23.2","11.1","11.3","1",,,,,,,,,,,,,,,,,,,,,,,,,,,,,,,,,,,,,,,,,,,,,,,,
"Nola, Aaron",605400,2026,33,23.7,7.9,44.1,27.5,40.2,28.6,7,"R",19.5,"23.8","92.3","2346","-13","-17.5","14.6","19.7","1.3","1","83.2","2312","3.5","-39.8","-0.5","4","1.3","16.1","85.5","1553","-14.5","-34.4","2.8","14.9","1.2","32.8","78.3","2622","14.7","-55.3","-10.3","18.1","1.1","18.9","91.6","2260","-17.5","-24.4","8.2","19.4","1.5","7.3","86.2","2289","0.5","-28.8","7.7","8.1","1.3",,,,,,,,,,,,,,,,,,,,,,,,,,,,,,,,,,,,,,,,,,,,,,,,
"Schlittler, Cam",693645,2026,25,31.4,5.4,49.8,28.6,42.3,27.6,8.1,"R",43.3,"44.2","97.9","2518","-5.4","-11.6","16.9","17.9","1.3","1.2","89.6","2512","6.7","-29.7","4.5","8.8","1.5",,,,,,,,,"8.7","86","2538","5.3","-47.5","-10.5","12","2.1","20.1","97.8","2352","-13.7","-17.7","10.9","17.7","1.4","25.7","94.7","2573","5.5","-19.8","10.5","12.2","1.6",,,,,,,,,,,,,,,,,,,,,,,,,,,,,,,,,,,,,,,,,,,,,,,,
"Gray, Sonny",543243,2026,36,21.6,6.5,46.7,22.7,47.2,22.9,4.1,"R",47.2,"17.6","91.7","2469","0.7","-21","11.2","11.4","1",,,,,,,,,"5","86.1","1717","-13.4","-32.7","4","14.2","1.3","16.8","79.7","2598","12.9","-57.9","-14.4","19.4","1.3","21","92.1","2348","-11.4","-25","7.2","13.7","1.2","19.5","88.4","2623","4.2","-31.3","3.4","6.1","1.2",,,,,,,,,,,,,,,,,"20.1","84.9","2676","13.5","-42.6","-4.7","14.5","1.1",,,,,,,,,,,,,,,,,,,,,,,,
"Bradish, Kyle",680694,2026,29,22.6,10.1,43.8,24.8,48.7,22.7,7,"R",53,"17.5","94","2401","1.9","-17.6","13.2","13.6","1.4","25.9","87.3","2615","13","-36.1","-0.1","13.3","1.7",,,,,,,,,"22","84.7","2658","6.8","-51.4","-13.1","14.9","1.6","34.7","94.7","2176","-11.2","-17.8","12.8","17.3","1.6",,,,,,,,,,,,,,,,,,,,,,,,,,,,,,,,,,,,,,,,,,,,,,,,,,,,,,,,
"Luzardo, Jesús",666200,2026,28,29.7,7.4,46.9,31.8,51.9,20.9,4.9,"L",29.8,"24.7","97","2233","11.8","-15.5","13.8","18.3","1.4",,,,,,,,,"18.5","86","1668","15.4","-35.1","2","15.8","1.5",,,,,,,,,"18.6","95.8","2227","17.8","-23.9","6.1","19","1.7",,,,,,,,,,,,,,,,,,,,,,,,,"38.1","86.1","2431","-8.6","-38.1","-1","9.5","2",,,,,,,,,,,,,,,,,,,,,,,,
"Ryan, Joe",657746,2026,30,26.4,5.2,51.4,25.5,36.5,29.2,10.5,"R",23.6,"45.6","93.4","2285","-13.3","-18.1","13.4","19","1.5","6.2","86.1","2321","1.3","-32.6","4.2","5","1.6",,,,,,,,,"11.6","79","2764","13.1","-53.3","-9.2","16.1","1.7","9.6","93.1","2176","-17.3","-22.9","8.7","19.5","1.5",,,,,,,,,"12.5","87.9","2136","-16.7","-32.4","3.1","17.2","1.7",,,,,,,,,"14.5","80.5","2765","14.4","-41.3","1.2","14.7","1.7",,,,,,,,,,,,,,,,,,,,,,,,
"Skenes, Paul",694973,2026,24,30,6.7,46.7,28.4,42.4,23.8,9.1,"R",25.7,"41","96.8","2173","-12.6","-16.2","12.9","18.2","1","7.4","86.7","2312","3.6","-34.9","1.3","4.4","1.4","13.6","88.7","1840","-15.4","-28.3","6.5","16.8","1.1","0.4","81.8","2422","10.9","-48.9","-7.9","13.6","1.5","10.6","96.6","2154","-17","-21.9","7.5","18.7","1",,,,,,,,,"11.2","93.3","1643","-13.3","-29.7","1.7","13.7","1.1",,,,,,,,,"15.8","84.3","2341","10.2","-32.9","5.7","12.4","1.4",,,,,,,,,,,,,,,,,,,,,,,,
"Weathers, Ryan",677960,2026,26,25.9,7,46.4,27.3,48.7,21.8,4.6,"L",32.9,"23.3","95.8","2382","10.9","-14.7","15.4","18.9","1.4","12.3","86.9","2651","-3.8","-34.9","1.2","4.7","1.8","24.9","85.7","1947","12.4","-36.7","0.7","12.7","1.5",,,,,,,,,"19.2","94.1","2283","17.7","-22.5","8.5","19.8","1.5",,,,,,,,,,,,,,,,,,,,,,,,,"20.3","81.2","2627","-13.5","-41.2","0.5","13.8","1.7",,,,,,,,,,,,,,,,,,,,,,,,
"McGreevy, Michael",700241,2026,25,16.6,6.2,46.3,18.7,43.7,27.3,4,"R",33.2,"25.3","91.8","2237","-8.4","-19.9","12.5","15.2","1.3","4.7","83.6","2405","3.6","-40.7","-1.8","4.7","1.3","19.7","86.8","1729","-13.5","-34.4","2.1","13.9","1.2","11.9","78.3","2516","12.8","-56.8","-11.8","17.6","1.5","16.6","90.7","2188","-12","-28.4","4.8","13.3","1.3","11.7","87.3","2316","1.3","-29.5","6.3","6.8","1.5",,,,,,,,,,,,,,,,,"10.1","81.6","2453","14","-42.8","-1.7","14.3","1.3",,,,,,,,,,,,,,,,,,,,,,,,
"Soriano, José",667755,2026,27,24.2,11.2,43.7,31.2,52.1,21.5,3.7,"R",34.4,"23.1","97.2","2183","-9.7","-15.7","13.4","16.7","1.4","4.5","90.2","2339","1","-30.5","3.2","3.7","1.6",,,,,,,,,"25.9","85.4","2359","12.2","-44.2","-6.5","14","1.4","27.6","96.4","1927","-15","-26","3.5","15.7","1.3",,,,,,,,,"18.9","92.3","1618","-13.7","-31.3","0.9","14.1","1.4",,,,,,,,,,,,,,,,,,,,,,,,,,,,,,,,,,,,,,,,
"Burns, Chase",695505,2026,23,28.5,9.2,43.9,31.7,37,28.9,9.6,"R",52.7,"56.3","97.6","2625","-3.5","-10.2","18.6","19.1","1.4","38.4","90.2","2767","3.2","-33.2","0.3","4","1.8","5.3","90","1857","-15.2","-23.8","10.1","18.3","1.4","0","81.9","2717","0.8","-46.2","-5.5","5.5",,,,,,,,,,,,,,,,,,,,,,,,,,,,,,,,,,,,,,,,,,,,,,,,,,,,,,,,,,,,,,,,,
"Peralta, Freddy",642547,2026,30,21.8,9,43.1,26.1,40.9,26.6,7.9,"R",33.1,"53","94.2","2422","-7","-14.5","16.5","18.1","1.7","5.3","83.1","2348","2.8","-36","3.6","5.6","1.6","21.8","87.2","1951","-17.4","-33.1","3","17.8","1.2","14.3","78.9","2294","5","-47.9","-3.9","6.7","2.3",,,,,,,,,,,,,,,,,,,,,,,,,,,,,,,,,"5.6","81.8","2499","11.2","-35.7","5.2","12.6","1.7",,,,,,,,,,,,,,,,,,,,,,,,
"Griffin, Foster",656492,2026,30,22.1,5.8,48,23.7,44.8,26.3,6,"L",44.9,"16.4","91.5","2091","4.5","-16.5","16.1","16.9","1.3",,,,,,,,,"10.6","82.3","1873","14.3","-32.6","7.8","16.5","1.2","9.9","77.8","2356","-8.6","-59.3","-13.9","16.4","1.4","10.3","91.3","2039","14.5","-22.5","10.3","17.9","1.1","32.4","88.3","2256","-4.7","-27.4","7.4","9.1","1.3","6","81.3","1319","0.5","-41.1","0.9","3.5","1",,,,,,,,,"14.4","79.9","2533","-17","-44.2","-1.2","17.2","1.3",,,,,,,,,,,,,,,,,,,,,,,,
"Bradley, Taj",671737,2026,25,26.6,9.9,48.1,26.3,35.1,29.7,8.3,"R",56.1,"46.4","97.1","2311","-5.5","-10.7","18.4","19.3","1.6",,,,,,,,,,,,,,,,,"9.3","82.4","2406","3.9","-53.6","-13.2","13.9","1.9",,,,,,,,,"24.4","89.8","2187","4.7","-29.6","4.2","6.9","1.5","20","91.5","1740","-10.7","-26.3","6.2","12.5","1.7",,,,,,,,,,,,,,,,,,,,,,,,,,,,,,,,,,,,,,,,
"Woo, Bryan",693433,2026,26,24.4,5.2,51.3,24.7,38.4,29.1,8.8,"R",24.1,"47.4","96","2277","-10.7","-15.2","14.6","18.2","1.1","15.3","87","2215","2.5","-34.3","1.6","3.5","1.6","6.4","89.5","1952","-15.8","-31.3","2.8","16.2","1.3","1.6","82.7","2306","5.8","-45.7","-6","8.5","1.5","18.4","95.7","2277","-16.4","-24.5","5.4","17.4","1.2",,,,,,,,,,,,,,,,,,,,,,,,,"11","84.4","2482","10.4","-34.7","3.6","11.8","1.7",,,,,,,,,,,,,,,,,,,,,,,,
"Detmers, Reid",672282,2026,26,28.2,7.8,49.5,29.3,36.9,30.6,8.9,"L",41.4,"45.3","94.1","2147","9.3","-14.1","17","19.5","1.2","32.4","86.1","2447","-3.5","-40.7","-3.7","5.7","1.5","10","83.7","1635","12.2","-28.4","10.8","16.7","1.9","11","72.3","2517","-11.7","-67.9","-14.7","18.9","1.5","1.3","93.5","2095","14.9","-17.7","13.7","20.3","1.4",,,,,,,,,,,,,,,,,,,,,,,,,,,,,,,,,,,,,,,,,,,,,,,,,,,,,,,,
"May, Dustin",669160,2026,28,23.1,7.9,48.9,23,43.4,23.5,7.3,"R",33.8,"25.9","96.9","2327","-9.8","-14.3","15","18","1.2",,,,,,,,,"7","90.3","1625","-15.9","-29.7","4","16.8","1.4","6.6","83.4","3109","9.3","-55.4","-15.6","18.3","1.5","18","96.6","2370","-17.5","-23.6","5.8","18.6","1.2","23.3","93.3","2454","1.1","-21.9","9.4","9.7","1.2",,,,,,,,,,,,,,,,,"19.1","86","3154","16.1","-41.2","-3.8","16.7","1.2",,,,,,,,,,,,,,,,,,,,,,,,